index,mid,value_col,iso_code,model_type,R2,MAE,MSE,RMSE,R2_train,MAE_train,MSE_train,RMSE_train,Year,lower,upper,transform,excess,country_name,continent,excess_category
35,10404,8698,AFG,SVR_RBF,,9.186298584315551,9.186298584315551,84.3880816801979,0.562317301856962,4.423503020556585,5.755687009322798,33.12793294928721,2020,0,0,square root transform,0,Afghanistan,Asia,0. No Excess Deaths
4067,225,148,NAM,SVR_RBF,,3.3287744562652186,3.3287744562652186,11.080739380683802,0.9050137813203123,0.3739238369183776,0.5257863241958383,0.2764512587113711,2020,0,0,square root transform,0,Namibia,Africa,0. No Excess Deaths
4031,1764,1658,MMR,POISSON,,1.1408204864602922,1.1408204864602922,1.3014713823274977,0.9833902193884191,1.1004026751278793,1.4300073643353326,2.0449210620532847,2020,0,0,square root transform,0,Myanmar,Asia,0. No Excess Deaths
3995,1681,1466,MOZ,Bayesian_ARD,,3.025337719770114,3.025337719770114,9.152668318663833,0.9819748713845932,1.474690651165176,1.6934954022892543,2.8679266775748435,2020,0,0,square root transform,0,Mozambique,Africa,0. No Excess Deaths
3923,1,0,MNE,SVR_RBF,,0.03253100033898204,0.03253100033898204,0.0010582659830548496,0.7469207459593459,0.0591402771865343,0.0666469037601316,0.0044418097808122435,2020,0,0,square root transform,0,Montenegro,Europe,0. No Excess Deaths
3851,1,1,FSM,Bayesian_ARD,,0.20687623801330313,0.20687623801330313,0.042797777854536846,0.9387937956161351,0.04563983595121434,0.06085466218271825,0.0037032899093727588,2020,0,0,square root transform,0,"Micronesia, Federated States of",Oceania,0. No Excess Deaths
3743,729,696,MRT,SVR_RBF,,1.0290121390253901,1.0290121390253901,1.0588659822616089,0.9337045358662808,0.24314206565590196,0.31829093169741024,0.10130911720080549,2020,0,0,square root transform,0,Mauritania,Africa,0. No Excess Deaths
3707,0,0,MLT,Bayesian_ridge,,0.05998806326909489,0.05998806326909489,0.003598567734776932,0.9638750303963239,0.029335674824463195,0.03464167921388754,0.0012000459387578883,2020,0,0,square root transform,0,Malta,Europe,0. No Excess Deaths
3527,3844,3465,MDG,SVR_RBF,,3.330586172840569,3.330586172840569,11.092804254716787,0.8296541052617175,0.5268017195306853,0.6860648602529549,0.47068499247390644,2020,0,0,square root transform,0,Madagascar,Africa,0. No Excess Deaths
3491,1,0,LUX,Bayesian_ridge,,0.028940338197601112,0.028940338197601112,0.00083754317499153,0.5404848299056726,0.029353761673696133,0.03459276013919211,0.0011966590540476783,2020,0,0,square root transform,0,Luxembourg,Europe,0. No Excess Deaths
3419,100,88,LBY,SVR_RBF,,0.13565012590420622,0.13565012590420622,0.018400956657827,0.9451677871989521,0.14739038425618517,0.1904866580874243,0.03628516690931529,2020,0,0,square root transform,0,Libya,Africa,0. No Excess Deaths
3347,484,334,LSO,SVR_RBF,,3.3981166060076475,3.3981166060076475,11.547196468024934,0.6860604005393158,0.868965015116682,1.3159804408013824,1.7318045205718007,2020,0,0,square root transform,0,Lesotho,Africa,0. No Excess Deaths
6623,1024,891,ZMB,SVR_RBF,,2.313483605489779,2.313483605489779,5.352206392869987,0.8367872039516144,1.668944560510617,2.264981194276193,5.130139810424811,2020,0,0,square root transform,0,Zambia,Africa,0. No Excess Deaths
3275,4,3,LVA,SVR_RBF,,0.2472577661545654,0.2472577661545654,0.06113640292374575,0.983676283650313,0.08206436363508163,0.10375523308754572,0.010765148393050943,2020,0,0,square root transform,0,Latvia,Europe,0. No Excess Deaths
3239,256,207,LAO,Bayesian_ARD,,1.1365157690235872,1.1365157690235872,1.291668093239276,0.9630281790893679,1.222747685093825,1.4458468864584808,2.090473219081683,2020,0,0,square root transform,0,Lao People's Democratic Republic,Asia,0. No Excess Deaths
3203,81,81,KGZ,SVR_RBF,,0.44811743823827754,0.44811743823827754,0.20080923845323648,0.8886408733713164,0.16752075803460806,0.20108395413127222,0.0404347566090676,2020,0,0,square root transform,0,Kyrgyzstan,Asia,0. No Excess Deaths
3167,4,4,KWT,SVR_RBF,,0.08476750394677879,0.08476750394677879,0.007185529725367157,0.7345938709833231,0.0844576519849102,0.1247606584133927,0.015565221887743256,2020,0,0,square root transform,0,Kuwait,Asia,0. No Excess Deaths
3131,4,3,KIR,SVR_RBF,,0.049268888378131814,0.049268888378131814,0.002427423362016812,0.9263674064607146,0.05717912601339002,0.06457038463082328,0.004169334571372459,2020,0,0,square root transform,0,Kiribati,Oceania,0. No Excess Deaths
3023,100,100,JOR,SVR_RBF,,0.2914011896980213,0.2914011896980213,0.0849146533574222,0.6736982085083287,0.15706202153438267,0.19531595980155775,0.03814832415320372,2020,0,0,square root transform,0,Jordan,Asia,0. No Excess Deaths
2987,36,36,JPN,POISSON,,0.3686598049759571,0.3686598049759571,0.1359100518049107,0.9872215764386686,0.17041212766673638,0.27460815679448697,0.07540963977806554,2020,0,0,square root transform,0,Japan,Asia,0. No Excess Deaths
2951,36,33,JAM,SVR_RBF,,0.5959139161038376,0.5959139161038376,0.35511339540621156,0.8313081267235487,0.1777305338496896,0.21009327622337767,0.04413918471427247,2020,0,0,square root transform,0,Jamaica,North America,0. No Excess Deaths
2843,4,3,IRL,SVR_RBF,,0.2670548838790252,0.2670548838790252,0.07131831100363964,0.8028617734131277,0.0678557947203668,0.08039255616146115,0.006462963086173687,2020,0,0,square root transform,0,Ireland,Europe,0. No Excess Deaths
2807,1024,897,IRQ,Bayesian_ARD,,2.0644934776391892,2.0644934776391892,4.262133319214754,0.3747875703989645,2.1106897355163916,2.4310000426959086,5.90976120758751,2020,0,0,square root transform,0,Iraq,Asia,0. No Excess Deaths
2663,0,0,ISL,Bayesian_ridge,,0.043080788355530364,0.043080788355530364,0.0018559543253340006,0.9011750806471781,0.01727082748163115,0.022678514541992958,0.0005143150218313861,2020,0,0,square root transform,0,Iceland,Europe,0. No Excess Deaths
2447,2704,2557,GIN,SVR_RBF,,1.5141700872902035,1.5141700872902035,2.2927110532444224,0.8428017146823439,0.7021595348564619,0.9877229608429442,0.9755966473763522,2020,0,0,square root transform,0,Guinea,Africa,0. No Excess Deaths
2375,1,0,GRD,POISSON,,0.09415036269526578,0.09415036269526578,0.008864290795650093,0.9783412319443557,0.02553053503863624,0.030366634609788567,0.0009221324975244089,2020,0,0,square root transform,0,Grenada,North America,0. No Excess Deaths
4139,9,7,NLD,SVR_RBF,,0.27398162348649935,0.27398162348649935,0.0750659300082979,0.9866224791301479,0.08274763857277428,0.09393101157701716,0.008823034935881734,2020,0,0,square root transform,0,Netherlands,Europe,0. No Excess Deaths
4175,4,4,NZL,SVR_RBF,,0.017610402023832794,0.017610402023832794,0.00031012625944101417,0.90513985453737,0.08017428553665285,0.0913756337990593,0.00834950645217979,2020,0,0,square root transform,0,New Zealand,Oceania,0. No Excess Deaths
4247,4900,4896,NER,SVR_RBF,,0.44308462427693485,0.44308462427693485,0.19632398427063252,0.8952109254390297,0.5403294248114292,0.8865970409579685,0.7860543130354258,2020,0,0,square root transform,0,Niger,Africa,0. No Excess Deaths
4283,87025,81747,NGA,Gamma,,8.741949316417958,8.741949316417958,76.42167785082042,0.9871276506171969,2.245383857707197,2.6358655052647997,6.947786961844858,2020,0,0,square root transform,0,Nigeria,Africa,0. No Excess Deaths
6479,9,8,VUT,SVR_RBF,,0.11794347159938523,0.11794347159938523,0.01391066249291499,0.742163597271452,0.05716734959012537,0.06617972699511565,0.00437975626514804,2020,0,0,square root transform,0,Vanuatu,Oceania,0. No Excess Deaths
6299,9,9,ARE,SVR_RBF,,0.016285822070403633,0.016285822070403633,0.00026522800050884606,0.7545210445370337,0.08299162729739826,0.10072760704610337,0.010146050821234213,2020,0,0,square root transform,0,United Arab Emirates,Asia,0. No Excess Deaths
6227,4761,4700,UGA,SVR_RBF,,0.49589431777431514,0.49589431777431514,0.24591117440085344,0.8259808851528743,0.8793087643862988,1.0989697414619355,1.2077344926489135,2020,0,0,square root transform,0,Uganda,Africa,0. No Excess Deaths
6047,4,3,TON,POISSON,,0.011754812802099224,0.011754812802099224,0.0001381756240123958,0.8336066902807071,0.03128275339584577,0.039103876067850575,0.0015291131235298167,2020,0,0,square root transform,0,Tonga,Oceania,0. No Excess Deaths
6011,1225,1089,TGO,SVR_RBF,,2.092118486113357,2.092118486113357,4.376959759937244,0.9071438226269355,0.47545071133711,0.5854316772503899,0.3427302487282047,2020,0,0,square root transform,0,Togo,Africa,0. No Excess Deaths
5903,1,1,MKD,Bayesian_ARD,,0.12230381788918876,0.12230381788918876,0.014958223870271849,0.9914863002724048,0.04460491632890106,0.05321270328128721,0.0028315917905023143,2020,0,0,square root transform,0,North Macedonia,Europe,0. No Excess Deaths
5867,7225,5390,TZA,SVR_RBF,,11.670114457816922,11.670114457816922,136.19157145854754,0.6955409835055987,3.8313855282192923,5.213894835681288,27.184699357544012,2020,0,0,square root transform,0,"Tanzania, United Republic of",Africa,0. No Excess Deaths
5687,169,69,SWZ,SVR_RBF,,4.286376599281951,4.286376599281951,18.3730243508719,0.8766564379960281,0.4992208283473002,0.7314187898735214,0.5349734461800464,2020,0,0,square root transform,0,Eswatini,Africa,0. No Excess Deaths
5579,1,1,VCT,Bayesian_ridge,,0.03653157944126395,0.03653157944126395,0.001334556296473379,0.9449315675586905,0.04204629714802847,0.05188732201001312,0.002692294185370792,2020,0,0,square root transform,0,Saint Vincent and the Grenadines,North America,0. No Excess Deaths
5543,100,89,LKA,SVR_RBF,,0.4011401596061006,0.4011401596061006,0.16091342764880787,0.9414790907726455,0.2829078475996774,0.4217617046400632,0.1778829355008919,2020,0,0,square root transform,0,Sri Lanka,Asia,0. No Excess Deaths
5507,16,12,ESP,SVR_RBF,,0.39562452207140186,0.39562452207140186,0.15651876246422514,0.8479597598572801,0.10724663110955251,0.1602641548536952,0.025684599330969192,2020,0,0,square root transform,0,Spain,Europe,0. No Excess Deaths
5435,1936,1516,ZAF,SVR_RBF,,4.623075443094855,4.623075443094855,21.37282655254669,0.5622704856311274,1.84813176932671,2.5498909575276447,6.501943895281248,2020,0,0,square root transform,0,South Africa,Africa,0. No Excess Deaths
2231,16,14,GEO,SVR_RBF,,0.06244091983812394,0.06244091983812394,0.00389886847023102,0.9546786747413636,0.15610705826443128,0.19317845381895954,0.03731791501988388,2020,0,0,square root transform,0,Georgia,Asia,0. No Excess Deaths
5399,5476,4519,SOM,SVR_RBF,,6.439704714948903,6.439704714948903,41.46979681573513,0.8994413935189459,1.0608361306259955,1.6517020638610616,2.72811970776289,2020,0,0,square root transform,0,Somalia,Africa,0. No Excess Deaths
5255,4,3,SGP,SVR_RBF,,0.0075733887743363315,0.0075733887743363315,5.7356217527243564e-05,0.9404964982047451,0.09154700863593129,0.0998873636538912,0.009977485417724705,2020,0,0,square root transform,0,Singapore,Asia,0. No Excess Deaths
5219,1600,1165,SLE,SVR_RBF,,6.018055009143481,6.018055009143481,36.21698609307694,0.8954690345524859,1.7652627745869214,2.7272712709125084,7.43800858514473,2020,0,0,square root transform,0,Sierra Leone,Africa,0. No Excess Deaths
5183,0,0,SYC,Bayesian_ARD,,0.06369674949712967,0.06369674949712967,0.0040572758965000885,0.9876004888530906,0.02006505082500424,0.026488776231611205,0.0007016552662483706,2020,0,0,square root transform,0,Seychelles,Africa,0. No Excess Deaths
5147,9,7,SRB,POISSON,,0.08453913451583706,0.08453913451583706,0.007146865264686792,0.9235754444555353,0.07635940710301853,0.11709276943296655,0.013710716653481867,2020,0,0,square root transform,0,Serbia,Europe,0. No Excess Deaths
5111,1764,1417,SEN,SVR_RBF,,4.778703147424274,4.778703147424274,22.836003771202662,0.7872100299360204,1.103448355445125,1.4917046412346002,2.2251827366808477,2020,0,0,square root transform,0,Senegal,Africa,0. No Excess Deaths
5039,9,9,STP,SVR_RBF,,0.2096138771000322,0.2096138771000322,0.043937977472907404,0.5618010169288337,0.07261168325036232,0.09559956572736564,0.009139276967260902,2020,0,0,square root transform,0,Sao Tome and Principe,Africa,0. No Excess Deaths
5003,4,4,WSM,SVR_RBF,,0.18537499337331065,0.18537499337331065,0.034363888168154964,0.954456838257279,0.04518333938812261,0.05591521294348539,0.0031265110385153166,2020,0,0,square root transform,0,Samoa,Oceania,0. No Excess Deaths
4967,1,1,LCA,SVR_RBF,,0.040432783768429736,0.040432783768429736,0.0016348100032645952,0.8230555614081935,0.06274084694265714,0.06905746370774835,0.00476893329374698,2020,0,0,square root transform,0,Saint Lucia,North America,0. No Excess Deaths
4499,625,485,PNG,SVR_RBF,,2.67308970161373,2.67308970161373,7.145408552873379,0.9447020852198266,0.3091387913482071,0.4041983685341319,0.1633763211256539,2020,0,0,square root transform,0,Papua New Guinea,Oceania,0. No Excess Deaths
4427,12544,9809,PAK,SVR_RBF,,12.548782578656343,12.548782578656343,157.47194420638894,0.6235600915338634,7.776301947000101,9.824130440424451,96.51353891047431,2020,0,0,square root transform,0,Pakistan,Asia,0. No Excess Deaths
4355,36,30,PSE,SVR_RBF,,0.7011005724583521,0.7011005724583521,0.49154201270142905,0.9902225217490357,0.09439927990473862,0.11833823836000396,0.014003938658149112,2020,0,0,square root transform,0,"Palestine, State of",Asia,0. No Excess Deaths
4319,1,1,NOR,SVR_RBF,,0.23892580773086347,0.23892580773086347,0.05708554159984554,0.9541761465010845,0.05363971493655636,0.06344310825933286,0.0040250279856054285,2020,0,0,square root transform,0,Norway,Europe,0. No Excess Deaths
5327,1,1,SVN,POISSON,,0.10714169556520281,0.10714169556520281,0.0114793429285866,0.967138065869478,0.04966401796749357,0.05896774559551104,0.003477195020616911,2020,0,0,square root transform,0,Slovenia,Europe,0. No Excess Deaths
2195,484,399,GMB,SVR_RBF,,1.626718766096527,1.626718766096527,2.6462139439706074,0.8687695297030049,0.17085306396721753,0.22712270861725425,0.05158472476963818,2020,0,0,square root transform,0,Gambia,Africa,0. No Excess Deaths
6659,2601,1734,ZWE,SVR_RBF,,9.219621030172668,9.219621030172668,85.00141194000213,0.8024241429581025,1.976200050906987,3.021808089591578,9.131324130321103,2020,0,0,square root transform,0,Zimbabwe,Africa,0. No Excess Deaths
431,4,3,BHR,POISSON,,0.0468373424542039,0.0468373424542039,0.002193736648172371,0.8801431248396274,0.0479953496459335,0.059064245491993794,0.003488585095538509,2020,0,0,square root transform,0,Bahrain,Asia,0. No Excess Deaths
1619,441,368,PRK,SVR_RBF,,1.9285771861606875,1.9285771861606875,3.719409962979475,0.4516706049456578,1.8517470819083761,2.511767381346038,6.308975377993933,2020,0,0,square root transform,0,"Korea, Democratic People's Republic of",Asia,0. No Excess Deaths
1691,4,3,DNK,SVR_RBF,,0.018127912080291964,0.018127912080291964,0.0003286211963907953,0.9586783930799943,0.060390780471126906,0.07197578376821244,0.005180513449048473,2020,0,0,square root transform,0,Denmark,Europe,0. No Excess Deaths
935,2116,2049,BFA,Bayesian_ARD,,0.7185371708391415,0.7185371708391415,0.5162956658775176,0.9576655807977921,0.5628791519402713,0.72814129007855,0.5301897383172551,2020,0,0,square root transform,0,Burkina Faso,Africa,0. No Excess Deaths
395,4,4,BHS,SVR_RBF,,0.18365207332268585,0.18365207332268585,0.03372808403572118,0.6660345544577888,0.05828110224292707,0.0700447570470475,0.004906267989779911,2020,0,0,square root transform,0,Bahamas,North America,0. No Excess Deaths
647,2500,2451,BEN,SVR_RBF,,0.7905366060310186,0.7905366060310186,0.624948125475042,0.9724303542076661,0.6823993447558219,0.8843915617785167,0.7821484345450439,2020,0,0,square root transform,0,Benin,Africa,0. No Excess Deaths
323,4,4,AUT,SVR_RBF,,0.1867300550677915,0.1867300550677915,0.034868113465620444,0.9406167971808924,0.060602800759098636,0.07909229998836033,0.006255591917448784,2020,0,0,square root transform,0,Austria,Europe,0. No Excess Deaths
1439,5041,4401,CIV,SVR_RBF,,4.890259120015088,4.890259120015088,23.914634260890743,0.9405164901991624,1.0551566626970694,1.3009277206463816,1.69241293434619,2020,0,0,square root transform,0,CÃ´te d'Ivoire,Africa,0. No Excess Deaths
1151,2209,1888,CAF,SVR_RBF,,3.9659459410482754,3.9659459410482754,15.72872720731729,0.9641938799442304,0.5863866814811344,0.7664101320092244,0.5873844904463967,2020,0,0,square root transform,0,Central African Republic,Africa,0. No Excess Deaths
1115,49,41,CAN,SVR_RBF,,0.5247391889570849,0.5247391889570849,0.2753512164273393,0.9174948852851136,0.13404263973969166,0.1787717753508287,0.03195934766208716,2020,0,0,square root transform,0,Canada,North America,0. No Excess Deaths
287,16,9,AUS,SVR_RBF,,0.7793646685602744,0.7793646685602744,0.6074092866000664,0.9333603249660473,0.08343946168820524,0.1012476605286569,0.010251088762526148,2020,0,0,square root transform,0,Australia,Oceania,0. No Excess Deaths
863,4,3,BRN,SVR_RBF,,0.0024119954721175674,0.0024119954721175674,5.8177221575156466e-06,0.7983468590939331,0.052250369433276066,0.06013606806690205,0.0036163466825470765,2020,0,0,square root transform,0,Brunei Darussalam,Asia,0. No Excess Deaths
179,0,0,ATG,Bayesian_ridge,,0.0005956109876883442,0.0005956109876883442,3.547524486550849e-07,0.9156765627864448,0.024979916005134984,0.03003318230549645,0.000901992039395185,2020,0,0,square root transform,0,Antigua and Barbuda,North America,0. No Excess Deaths
899,4,4,BGR,SVR_RBF,,0.398879895932982,0.398879895932982,0.15910517137950655,0.9826961938493212,0.12282585110434519,0.14341323934959535,0.020567357220744327,2020,0,0,square root transform,0,Bulgaria,Europe,0. No Excess Deaths
2015,15129,10246,ETH,Bayesian_ARD,,21.293167331176562,21.293167331176562,453.3989749934848,0.6671696819668627,10.656985922961562,12.424243194703672,154.36181896114053,2020,0,0,square root transform,0,Ethiopia,Africa,0. No Excess Deaths
2087,4,4,FIN,Bayesian_ridge,,0.05891987488383643,0.05891987488383643,0.003471551656326939,0.0008757382240600631,0.039014385683987955,0.05035860996496773,0.002535989597603747,2020,0,0,square root transform,0,Finland,Europe,0. No Excess Deaths
2051,9,7,FJI,SVR_RBF,,0.06519821980490992,0.06519821980490992,0.004250807865729348,0.975422208010903,0.0445029604098373,0.05627402076152506,0.003166765412668553,2020,0,0,square root transform,0,Fiji,Oceania,0. No Excess Deaths
1187,8464,7764,TCD,Bayesian_ARD,,3.7366677606505334,3.7366677606505334,13.962685953485073,0.9546508141159106,1.527053364520085,1.9281762339362913,3.7178635891167393,2020,0,0,square root transform,0,Chad,Africa,0. No Excess Deaths
1079,4225,4119,CMR,SVR_RBF,,1.1017773559064494,1.1017773559064494,1.2139133419882069,0.8365936803108686,0.888548223101849,1.0954170843234938,1.1999385886277842,2020,0,0,square root transform,0,Cameroon,Africa,0. No Excess Deaths
503,1,1,BRB,Bayesian_ridge,,0.0925309870231028,0.0925309870231028,0.00856198355946962,0.8737978142405243,0.023521539664914676,0.03417829472825781,0.001168155830531656,2020,0,0,square root transform,0,Barbados,North America,0. No Excess Deaths
143,3136,2914,AGO,SVR_RBF,,1.7288354413099398,1.7288354413099398,2.9888719831293344,0.9035189174606507,2.582222011795763,3.315424568476829,10.992040069259767,2020,0,0,square root transform,0,Angola,Africa,0. No Excess Deaths
1367,676,503,COG,SVR_RBF,,3.948639572840605,3.948639572840605,15.591754476202837,0.7478544724270889,0.6713445980604758,1.0308705726150458,1.0626941374836723,2020,0,0,square root transform,0,Congo,Africa,0. No Excess Deaths
1979,0,1,EST,SVR_RBF,,0.46512087871370866,0.46512087871370866,0.21633743181541248,0.9927936480551206,0.06322487002890967,0.0716686388834668,0.0051363937994087705,2020,0,0,square root transform,1,Estonia,Europe,1. 0 to <100
2411,361,362,GTM,SVR_RBF,,0.08430181605212539,0.08430181605212539,0.007106796189686386,0.9819721967380715,0.3339324764230217,0.4452280699832957,0.19822803430105046,2020,0,0,square root transform,1,Guatemala,North America,1. 0 to <100
3455,1,2,LTU,SVR_RBF,,0.6319388154421475,0.6319388154421475,0.3993466664624245,0.9910861790942304,0.07984898379666719,0.09391929204533046,0.008820833418296075,2020,0,0,square root transform,1,Lithuania,Europe,1. 0 to <100
5723,4,5,SWE,SVR_RBF,,0.1085346632550519,0.1085346632550519,0.011779773127887513,0.8897920914109234,0.06529254996951278,0.0799911144608363,0.006398578392686614,2020,0,0,square root transform,1,Sweden,Europe,1. 0 to <100
539,0,1,BLR,SVR_RBF,,1.2137492261882563,1.2137492261882563,1.473187184072591,0.9898039730454533,0.20236377284176701,0.25772565862554836,0.06642251511397268,2020,0,0,square root transform,1,Belarus,Europe,1. 0 to <100
575,4,5,BEL,SVR_RBF,,0.12341824143733815,0.12341824143733815,0.015232062319485092,0.9526597509553935,0.046350538054384154,0.05706432993367516,0.003256337750779335,2020,0,0,square root transform,1,Belgium,Europe,1. 0 to <100
5363,25,26,SLB,SVR_RBF,,0.2938868263865029,0.2938868263865029,0.08636946672353048,0.9530276090259137,0.05687774376845086,0.066600420716019,0.004435616039550732,2020,0,0,square root transform,1,Solomon Islands,Oceania,1. 0 to <100
4751,1,2,QAT,SVR_RBF,,0.18213683169981532,0.18213683169981532,0.03317382546164685,0.8423887607709496,0.05965130348230753,0.06871994998704134,0.004722431526221463,2020,0,0,square root transform,1,Qatar,Asia,1. 0 to <100
4679,9,10,PRT,SVR_RBF,,0.4906392073041621,0.4906392073041621,0.24072683174405657,0.9540981179195731,0.08228525694503082,0.10699948096866453,0.011448888927563603,2020,0,0,square root transform,1,Portugal,Europe,1. 0 to <100
1475,1,2,HRV,SVR_RBF,,0.038446042708497385,0.038446042708497385,0.001478098199943605,0.94884352432129,0.08763015451708485,0.09794608968375298,0.009593436484337784,2020,0,0,square root transform,1,Croatia,Europe,1. 0 to <100
4823,4,5,MDA,SVR_RBF,,0.5830052593878374,0.5830052593878374,0.3398951324738796,0.9539305378752629,0.2638884439273309,0.40314093251680433,0.16252261147051858,2020,0,0,square root transform,1,"Moldova, Republic of",Europe,1. 0 to <100
6083,4,5,TTO,SVR_RBF,,0.27664693786862626,0.27664693786862626,0.07653352823208756,0.98825686754354,0.09448171855342087,0.12202736791824698,0.014890678521055212,2020,0,0,square root transform,1,Trinidad and Tobago,North America,1. 0 to <100
5291,1,3,SVK,SVR_RBF,,0.23497733080705752,0.23497733080705752,0.05521434599320934,0.9673857158557012,0.07467381684709685,0.0828157596409878,0.006858450044913863,2020,0,0,square root transform,2,Slovakia,Europe,1. 0 to <100
5651,9,11,SUR,SVR_RBF,,0.30376871544998396,0.30376871544998396,0.09227543248613332,0.9921072747102965,0.10387466457690953,0.11933178989779895,0.014240076080212431,2020,0,0,square root transform,2,Suriname,South America,1. 0 to <100
5759,4,6,CHE,SVR_RBF,,0.18801344406222364,0.18801344406222364,0.0353490551481389,0.8394120833365918,0.06822509129331965,0.08300829211936402,0.006890376560573669,2020,0,0,square root transform,2,Switzerland,Europe,1. 0 to <100
4463,36,38,PAN,SVR_RBF,,0.22835092301143778,0.22835092301143778,0.05214414404017558,0.9467739456497373,0.0913292441060516,0.11749766005076873,0.013805700117406013,2020,0,0,square root transform,2,Panama,North America,1. 0 to <100
2519,16,18,GUY,SVR_RBF,,0.4304276141766463,0.4304276141766463,0.18526793104579992,0.9961256602419164,0.06873041486550756,0.07854124124596085,0.0061687265764562215,2020,0,0,square root transform,2,Guyana,South America,1. 0 to <100
2339,4,6,GRC,SVR_RBF,,0.6250872658130633,0.6250872658130633,0.39073408988165126,0.9522170175045911,0.05381906700456743,0.0637637058570352,0.004065810184622504,2020,0,0,square root transform,2,Greece,Europe,1. 0 to <100
71,0,2,ALB,SVR_RBF,,1.1837394707362188,1.1837394707362188,1.4012391345788633,0.9913866277119661,0.08997113488859261,0.14404233631497573,0.02074819465107658,2020,0,0,square root transform,2,Albania,Europe,1. 0 to <100
755,0,2,BIH,SVR_RBF,,0.8108722592221085,0.8108722592221085,0.6575138207759663,0.9786631750713852,0.1275467044161688,0.2062604078037502,0.042543355827369345,2020,0,0,square root transform,2,Bosnia and Herzegovina,Europe,1. 0 to <100
2915,16,19,ITA,POISSON,,0.1095758708788761,0.1095758708788761,0.012006871478864128,0.9839754367320288,0.17873717914733522,0.2112761236505262,0.04463760042479243,2020,0,0,square root transform,3,Italy,Europe,1. 0 to <100
5975,64,67,TLS,Bayesian_ARD,,0.42960747329097515,0.42960747329097515,0.18456258110745594,0.9735693774649231,0.48228006177921917,0.7154326121429297,0.5118438225176557,2020,0,0,square root transform,3,Timor-Leste,,1. 0 to <100
3635,1,4,MDV,SVR_RBF,,0.8963897526140463,0.8963897526140463,0.8035145885914711,0.9944771606559804,0.06816723591087571,0.08814573644103049,0.00776967085273161,2020,0,0,square root transform,3,Maldives,Asia,1. 0 to <100
6335,64,67,GBR,SVR_RBF,,0.3025710005223132,0.3025710005223132,0.09154921035707367,0.7520476316478236,0.11514423369839186,0.16311583557063422,0.026606775813906178,2020,0,0,square root transform,3,United Kingdom,Europe,1. 0 to <100
1331,49,52,COM,SVR_RBF,,0.1615658423041726,0.1615658423041726,0.026103521399456767,0.9868152967307126,0.09529197156698592,0.11131805242872674,0.012391708796524754,2020,0,0,square root transform,3,Comoros,Africa,1. 0 to <100
1007,1,4,CPV,SVR_RBF,,1.0359366688563658,1.0359366688563658,1.0731647818812238,0.9928231111991048,0.10166844568278141,0.1509626424616957,0.02278971941901777,2020,0,0,square root transform,3,Cabo Verde,Africa,1. 0 to <100
6407,4,7,URY,SVR_RBF,,0.2667362838687741,0.2667362838687741,0.07114824513212326,0.9886140766617811,0.07164427752254252,0.08226233762289528,0.006767092191183212,2020,0,0,square root transform,3,Uruguay,South America,1. 0 to <100
1583,1,4,CZE,SVR_RBF,,0.5203670467914223,0.5203670467914223,0.2707818633864263,0.9776651240015696,0.10529355051431301,0.12829943914259423,0.016460746084304242,2020,0,0,square root transform,3,Czechia,Europe,1. 0 to <100
2879,1,5,ISR,SVR_RBF,,1.243060340338936,1.243060340338936,1.5451990097235513,0.9958935159914861,0.08497913156572745,0.10554154190815904,0.011139017068351692,2020,0,0,square root transform,4,Israel,Asia,1. 0 to <100
4715,4,9,PRI,SVR_RBF,,0.941919659035646,0.941919659035646,0.8872126440778276,0.982690747866633,0.07746401499658467,0.10109957364741776,0.010221123791689648,2020,0,0,square root transform,5,Puerto Rico,North America,1. 0 to <100
611,4,9,BLZ,SVR_RBF,,1.1113168071414328,1.1113168071414328,1.2350250458350285,0.9412119131536637,0.06780875930224378,0.08114091357901246,0.006583847856436767,2020,0,0,square root transform,5,Belize,North America,1. 0 to <100
1403,9,14,CRI,SVR_RBF,,0.23435552347701716,0.23435552347701716,0.05492251138418674,0.9868895564500059,0.09034568312949613,0.10609921492012013,0.011257043406665843,2020,0,0,square root transform,5,Costa Rica,North America,1. 0 to <100
1547,4,9,CYP,SVR_RBF,,0.7896284399036215,0.7896284399036215,0.6235130731046272,0.92453967081677,0.05959429374423773,0.0692998989588325,0.004802475995704393,2020,0,0,square root transform,5,Cyprus,Asia,1. 0 to <100
2123,49,54,FRA,SVR_RBF,,0.35484221391117465,0.35484221391117465,0.12591299677338383,0.9657374685667077,0.20159902150733308,0.2398574228833905,0.05753158331226162,2020,0,0,square root transform,5,France,Europe,1. 0 to <100
2627,9,14,HUN,SVR_RBF,,0.6581738590308168,0.6581738590308168,0.43319282871151754,0.9759713323436745,0.08118675946421432,0.11439462026071713,0.013086129144593674,2020,0,0,square root transform,5,Hungary,Europe,1. 0 to <100
683,1,6,BTN,SVR_RBF,,1.4725294230059398,1.4725294230059398,2.168342901618206,0.9908033557624696,0.19437570025205686,0.31653387853760245,0.10019369626205767,2020,0,0,square root transform,5,Bhutan,Asia,1. 0 to <100
4391,9,15,OMN,SVR_RBF,,0.4517966190228666,0.4517966190228666,0.20412018496049328,0.9569834785196077,0.05431769249441406,0.06536260595127373,0.004272270256741485,2020,0,0,square root transform,6,Oman,Asia,1. 0 to <100
1511,36,42,CUB,SVR_RBF,,0.6229557205738976,0.6229557205738976,0.38807382979574395,0.9911205212643106,0.10961039892154693,0.14745382516509983,0.02174263055581983,2020,0,0,square root transform,6,Cuba,North America,1. 0 to <100
251,4,10,ARM,SVR_RBF,,0.5936700051053676,0.5936700051053676,0.3524440749618072,0.9863344337154436,0.11331474831393516,0.14754392972947844,0.021769211200017274,2020,0,0,square root transform,6,Armenia,Asia,1. 0 to <100
6191,1,7,TKM,SVR_RBF,,1.6318999309122866,1.6318999309122866,2.663097384511526,0.993707056742944,0.14450019572609762,0.22322694954657912,0.04983027100387098,2020,0,0,square root transform,6,Turkmenistan,Asia,1. 0 to <100
4643,1,7,POL,SVR_RBF,,1.688685165503832,1.688685165503832,2.851657588192704,0.9867477606024808,0.18847279157878027,0.3170010132106916,0.10048964237660507,2020,0,0,square root transform,6,Poland,Europe,1. 0 to <100
1727,49,56,DJI,SVR_RBF,,0.1594319359367553,0.1594319359367553,0.02541854219654165,0.9847262531803547,0.15266025621813312,0.21165366958838722,0.04479727585023018,2020,0,0,square root transform,7,Djibouti,Africa,1. 0 to <100
3779,4,11,MUS,SVR_RBF,,1.3479509050458582,1.3479509050458582,1.8169716424139484,0.9920746446532874,0.06600278711457097,0.07957130628280591,0.006331592783552108,2020,0,0,square root transform,7,Mauritius,Africa,1. 0 to <100
3599,100,108,MYS,SVR_RBF,,0.5732043042054347,0.5732043042054347,0.3285631743596365,0.9723200253596778,0.24627459081222147,0.33164900764896493,0.10999106427454321,2020,0,0,square root transform,8,Malaysia,Asia,1. 0 to <100
5831,36,44,TJK,SVR_RBF,,0.7692168111884339,0.7692168111884339,0.5916945026149028,0.9722543707424711,0.3608339520058366,0.5014630229631278,0.25146516339931846,2020,0,0,square root transform,8,Tajikistan,Asia,1. 0 to <100
3311,9,18,LBN,SVR_RBF,,0.9865945510126117,0.9865945510126117,0.9733688080877769,0.95225826486067,0.20055147015537714,0.30439768253488136,0.09265794913260642,2020,0,0,square root transform,9,Lebanon,Asia,1. 0 to <100
2267,25,34,DEU,SVR_RBF,,0.46545621573337037,0.46545621573337037,0.2166494887648298,0.9486383521722901,0.16165579127966673,0.26680818087110525,0.0711866053797484,2020,0,0,square root transform,9,Germany,Europe,1. 0 to <100
1223,25,34,CHL,SVR_RBF,,1.3177160737723321,1.3177160737723321,1.7363756510779702,0.9895488500890829,0.20906087416625277,0.2859318929753918,0.08175704742049092,2020,0,0,square root transform,9,Chile,South America,1. 0 to <100
6119,64,74,TUN,SVR_RBF,,1.0310838735486492,1.0310838735486492,1.0631339542920868,0.928085980845271,0.30828644748239,0.6226251232486341,0.3876620441003768,2020,0,0,square root transform,10,Tunisia,Africa,1. 0 to <100
3887,16,29,MNG,SVR_RBF,,1.0103696735781496,1.0103696735781496,1.0208468772864165,0.9884556080024233,0.18239736210846694,0.26839574663329135,0.07203627681084192,2020,0,0,square root transform,13,Mongolia,Asia,1. 0 to <100
4787,9,24,KOR,POISSON,,2.174621826725021,2.174621826725021,4.728980089268867,0.9876656034228847,0.3357529404729393,0.4385630321438289,0.1923375331631891,2020,0,0,square root transform,15,"Korea, Republic of",Asia,1. 0 to <100
791,100,115,BWA,SVR_RBF,,0.7522878212759334,0.7522878212759334,0.5659369660400907,0.44497603893916005,0.4152071702691416,0.6232654001907022,0.38845975907487623,2020,0,0,square root transform,15,Botswana,Africa,1. 0 to <100
1835,400,417,EGY,Bayesian_ARD,,0.26953199340148615,0.26953199340148615,0.07264749546697877,0.9983428661045934,0.3149880720976852,0.3914198334939907,0.1532094860524634,2020,0,0,square root transform,17,Egypt,Africa,1. 0 to <100
359,36,54,AZE,SVR_RBF,,1.0721509710076704,1.0721509710076704,1.1495077046326905,0.965936339783842,0.21609789313932368,0.2610214278861097,0.06813218581570357,2020,0,0,square root transform,18,Azerbaijan,Asia,1. 0 to <100
4535,81,99,PRY,SVR_RBF,,1.1330274377608287,1.1330274377608287,1.2837511747188686,0.9937527793741839,0.18060679521821718,0.2294177324971779,0.05263249598414667,2020,0,0,square root transform,18,Paraguay,South America,1. 0 to <100
4859,1,20,ROU,POISSON,,3.5208124540998806,3.5208124540998806,12.396120336944824,0.9687279491772707,0.8808941642690148,1.1872539894622778,1.4095720354940944,2020,0,0,square root transform,19,Romania,Europe,1. 0 to <100
5795,100,121,SYR,SVR_RBF,,0.5916757038516547,0.5916757038516547,0.35008013852835096,0.8418708066175897,0.4239215591666795,0.5368179569370736,0.28817351889009374,2020,0,0,square root transform,21,Syrian Arab Republic,Asia,1. 0 to <100
2159,121,143,GAB,SVR_RBF,,1.151451677388863,1.151451677388863,1.3258409653616263,0.901996560980174,0.19041237053976115,0.24868807507977123,0.061845758686881934,2020,0,0,square root transform,22,Gabon,Africa,1. 0 to <100
6155,196,219,TUR,POISSON,,1.134839272422811,1.134839272422811,1.2878601742331348,0.9803342523458438,0.44588957347834346,0.5458304082387005,0.2979308345580265,2020,0,0,square root transform,23,Turkey,Asia,1. 0 to <100
2483,441,464,GNB,SVR_RBF,,0.9952082125823338,0.9952082125823338,0.9904393863913238,0.942669506532264,0.3998243861143156,0.5260600382534513,0.2767391638472226,2020,0,0,square root transform,23,Guinea-Bissau,Africa,1. 0 to <100
5075,81,108,SAU,SVR_RBF,,1.0377067242600475,1.0377067242600475,1.0768352455745183,0.9568316909186741,0.1728327472456578,0.22921866687502063,0.05254119724396168,2020,0,0,square root transform,27,Saudi Arabia,Asia,1. 0 to <100
1799,169,197,ECU,POISSON,,1.4480112261963676,1.4480112261963676,2.096736511190708,0.9707550706420915,0.4504666154312764,0.6497954728040245,0.4222341564766058,2020,0,0,square root transform,28,Ecuador,South America,1. 0 to <100
4211,81,110,NIC,Bayesian_ARD,,1.1140490252130633,1.1140490252130633,1.2411052305781765,0.9833235203821348,0.32210114830728614,0.4003637462425905,0.1602911293054014,2020,0,0,square root transform,29,Nicaragua,North America,1. 0 to <100
215,256,286,ARG,SVR_RBF,,0.6174856821736121,0.6174856821736121,0.3812885676894111,0.9531216239037784,0.4079235237385327,0.6708367191570322,0.4500219037693709,2020,0,0,square root transform,30,Argentina,South America,1. 0 to <100
3059,25,57,KAZ,SVR_RBF,,2.9587362096291967,2.9587362096291967,8.754119958170946,0.9878777019643415,0.32451446640455495,0.4886073425686339,0.23873713521198237,2020,0,0,square root transform,32,Kazakhstan,Asia,1. 0 to <100
1871,9,44,SLV,SVR_RBF,,3.26421099478884,3.26421099478884,10.655073418500349,0.9717562902749804,0.37914165592928006,0.7204415122021547,0.5190359725041274,2020,0,0,square root transform,35,El Salvador,North America,1. 0 to <100
1943,289,328,ERI,POISSON,,1.3778586544412228,1.3778586544412228,1.898494471618577,0.9559222567156038,0.8882419388612899,1.1475247671455762,1.3168130912125087,2020,0,0,square root transform,39,Eritrea,Africa,1. 0 to <100
6263,16,56,UKR,POISSON,,3.078516749209842,3.078516749209842,9.477265375165535,0.9750623368224253,0.6215624178506228,0.7453688642986985,0.5555747438659316,2020,0,0,square root transform,40,Ukraine,Europe,1. 0 to <100
1907,64,106,GNQ,SVR_RBF,,2.5686355499366478,2.5686355499366478,6.597888588398345,0.9887250523849481,0.19814290364241366,0.274655393460118,0.07543558515673225,2020,0,0,square root transform,42,Equatorial Guinea,Africa,1. 0 to <100
5939,144,188,THA,POISSON,,1.4096058555908932,1.4096058555908932,1.9869886681161342,0.9779630905584014,0.5057576686320108,0.6667569151704776,0.4445647839276516,2020,0,0,square root transform,44,Thailand,Asia,1. 0 to <100
1763,169,222,DOM,SVR_RBF,,1.8683720117183444,1.8683720117183444,3.4908139741724535,0.9185605350762389,0.36756294491230024,0.522659559881183,0.27317301553519185,2020,0,0,square root transform,53,Dominican Republic,North America,1. 0 to <100
2591,100,155,HND,SVR_RBF,,2.258074110302056,2.258074110302056,5.098898687616422,0.9752429736256797,0.2446342463030926,0.3839334368934201,0.1474048839647938,2020,0,0,square root transform,55,Honduras,North America,1. 0 to <100
107,676,758,DZA,SVR_RBF,,1.8076584403731353,1.8076584403731353,3.267629037052236,0.8943550494722783,1.1178345677613941,1.7339636122437365,3.006629808585347,2020,0,0,square root transform,82,Algeria,Africa,1. 0 to <100
6443,169,251,UZB,SVR_RBF,,2.852810310709362,2.852810310709362,8.138526668889646,0.949368726815492,0.3419646295937684,0.6457059738316904,0.41693620464193165,2020,0,0,square root transform,82,Uzbekistan,Asia,1. 0 to <100
4607,1849,1935,PHL,POISSON,,0.7099857072315245,0.7099857072315245,0.5040797044730481,0.9499341303837527,1.2331131093156091,1.4968905898590807,2.2406814380086666,2020,0,0,square root transform,86,Philippines,Asia,1. 0 to <100
719,324,423,BOL,POISSON,,2.9660684200823866,2.9660684200823866,8.797561872610025,0.9718525388343168,0.7503360419400931,0.916040465178613,0.8391301338446497,2020,0,0,square root transform,99,"Bolivia, Plurinational State of",South America,1. 0 to <100
1295,441,548,COL,Bayesian_ridge,,2.8492415084780838,2.8492415084780838,8.118177173634466,0.9743811444213212,0.49211450560581593,0.609129837110233,0.37103915845793906,2020,0,0,square root transform,107,Colombia,South America,2. 100 to <300
2555,841,950,HTI,SVR_RBF,,2.0862526685354474,2.0862526685354474,4.352450196971276,0.9537010927654727,0.6730794824680827,0.8935353468686494,0.7984054161036777,2020,0,0,square root transform,109,Haiti,North America,2. 100 to <300
467,3600,3719,BGD,Bayesian_ridge,,1.219769947129386,1.219769947129386,1.4878387239200248,0.9787477549223028,4.989606331829146,5.827731515831376,33.96245462061427,2020,0,0,square root transform,119,Bangladesh,Asia,2. 100 to <300
4931,900,1033,RWA,SVR_RBF,,2.309954171429702,2.309954171429702,5.33588827410548,0.6016776044348755,4.962986898398523,10.530991501168762,110.9017819976887,2020,0,0,square root transform,133,Rwanda,Africa,2. 100 to <300
1043,576,711,KHM,SVR_RBF,,2.9949467822251172,2.9949467822251172,8.969706228360584,0.9371192906348146,1.7338606146266053,2.342175582626481,5.485786459851695,2020,0,0,square root transform,135,Cambodia,Asia,2. 100 to <300
3095,7569,7716,KEN,SVR_RBF,,0.5817643624626214,0.5817643624626214,0.33844977343154037,0.8747460104294857,0.9288601127244274,1.3132442175037957,1.7246103748071566,2020,0,0,square root transform,147,Kenya,Africa,2. 100 to <300
4895,49,197,RUS,POISSON,,7.174044526697395,7.174044526697395,51.466914871036856,0.9843658170711365,1.0092372419180684,1.3934614450679037,1.9417347988907303,2020,0,0,square root transform,148,Russian Federation,Europe,2. 100 to <300
3383,900,1050,LBR,SVR_RBF,,2.4518645193544018,2.4518645193544018,6.0116396212689915,0.7794068945607601,1.0302435212109524,1.6048697501300644,2.5756069148825356,2020,0,0,square root transform,150,Liberia,Africa,2. 100 to <300
2771,121,274,IRN,POISSON,,5.302224865675932,5.302224865675932,28.113588526192153,0.8993710117048479,2.540685990300251,2.790670045606398,7.787839303444818,2020,0,0,square root transform,153,"Iran, Islamic Republic of",Asia,2. 100 to <300
3959,289,472,MAR,POISSON,,4.688411061208637,4.688411061208637,21.981198278863495,0.9929497454305481,0.8806731896940782,1.168620614389286,1.3656741403755923,2020,0,0,square root transform,183,Morocco,Africa,2. 100 to <300
4571,196,406,PER,SVR_RBF,,5.849181818715731,5.849181818715731,34.21292794839467,0.9291445474184523,1.8638911080591514,2.3835267882304936,5.681199950212371,2020,0,0,square root transform,210,Peru,South America,2. 100 to <300
971,1936,2151,BDI,SVR_RBF,,1.9537409034083097,1.9537409034083097,3.817103517650718,0.7778685290322722,1.842559530591329,2.5732930991869174,6.621837374323011,2020,0,0,square root transform,215,Burundi,Africa,2. 100 to <300
3563,2209,2452,MWI,SVR_RBF,,2.890596587179701,2.890596587179701,8.355548629814933,0.6952115190655002,2.8010316776964954,3.6692993892153147,13.463758007695883,2020,0,0,square root transform,243,Malawi,Africa,2. 100 to <300
2735,7569,7826,IDN,POISSON,,1.7904468464638654,1.7904468464638654,3.2056999100124006,0.9603739934912304,2.817976114940909,3.585566023750381,12.856283710673116,2020,0,0,square root transform,257,Indonesia,Asia,2. 100 to <300
2303,2116,2373,GHA,POISSON,,2.745465610875925,2.745465610875925,7.537581420502317,0.9825378255591075,0.7892931407124367,0.9167052911501251,0.8403485908226357,2020,0,0,square root transform,257,Ghana,Africa,2. 100 to <300
3815,900,1159,MEX,POISSON,,3.916344870759005,3.916344870759005,15.337757146720367,0.8910239000796724,1.2519952007666482,1.536979315576963,2.36230541651143,2020,0,0,square root transform,259,Mexico,North America,2. 100 to <300
4103,784,1052,NPL,POISSON,,4.712673609878536,4.712673609878536,22.20929255324559,0.9922819374246493,1.2006098310609932,1.5994758207811446,2.558322901263516,2020,0,0,square root transform,268,Nepal,Asia,2. 100 to <300
3671,3600,3927,MLI,SVR_RBF,,2.7353260521900395,2.7353260521900395,7.482008611789547,0.6712903236777203,1.5781430103508653,2.01428627668013,4.057349204421902,2020,0,0,square root transform,327,Mali,Africa,3. 300 to <700
6515,841,1208,VEN,SVR_RBF,,6.233436836498143,6.233436836498143,38.855734794611976,0.7970444655029905,0.6488901705819267,1.0546575179313753,1.112302480129169,2020,0,0,square root transform,367,"Venezuela, Bolivarian Republic of",South America,3. 300 to <700
6551,1296,1849,VNM,SVR_RBF,,7.02874979699245,7.02874979699245,49.40332370872141,0.888052294950311,1.0929316581921729,1.85050654695711,3.4243744803311267,2020,0,0,square root transform,553,Viet Nam,Asia,3. 300 to <700
6587,1296,1852,YEM,SVR_RBF,,7.146574737532248,7.146574737532248,51.07353047913412,0.9768764273982555,0.5951899443522404,0.8568841801612853,0.734250498210678,2020,0,0,square root transform,556,Yemen,Asia,3. 300 to <700
2699,23104,23753,IND,Bayesian_ARD,,2.568809663388862,2.568809663388862,6.598783086719998,0.9773029092631944,10.38961593456881,12.114459538817217,146.76012991763946,2020,0,0,square root transform,649,India,Asia,3. 300 to <700
5615,3364,4112,SDN,POISSON,,6.456579962683421,6.456579962683421,41.68742481452504,0.8700807683857223,3.6557591166809105,5.317761790932281,28.278590465099303,2020,0,0,square root transform,748,Sudan,Africa,"4. 700 to <1,000"
5471,2916,3790,SSD,POISSON,,7.2050278581944625,7.2050278581944625,51.912426437358285,0.5407263318112024,12.503547315571534,16.383371770683734,268.4148705764367,2020,0,0,square root transform,874,South Sudan,Africa,"4. 700 to <1,000"
1259,1936,2822,CHN,POISSON,,8.665544858163123,8.665544858163123,75.09166768883735,0.9806845184105439,3.7583645031114883,4.6712928438530135,21.820976833032375,2020,0,0,square root transform,886,China,Asia,"4. 700 to <1,000"
827,841,2011,BRA,POISSON,,15.717469445534803,15.717469445534803,247.03884577132013,0.9188763610620915,4.405833456550923,5.134781026671387,26.365976191864466,2020,0,0,square root transform,1170,Brazil,South America,"5. Greater than 1,000"
1655,19321,21511,COD,SVR_RBF,,7.595862024473661,7.595862024473661,57.6971198948411,0.8411329490217795,2.020451627163597,2.8584396963484906,8.17067749766085,2020,0,0,square root transform,2190,"Congo, The Democratic Republic of the",Africa,"5. Greater than 1,000"
