level_0,mid,value_col,iso_code,model_type,R2,MAE,MSE,RMSE,R2_train,MAE_train,MSE_train,RMSE_train,Year,lower,upper,transform,country_name,continent,excess,excess_category
0,10520.0,8698,AFG,Huber,,1822.1506735841976,1822.1506735841976,3320233.0772433453,0.008065920738521415,1500.8731628465034,1762.6883834113594,3107070.3370133513,2020,,,normal - no transformation,Afghanistan,Asia,0.0,0. No Excess Deaths
115,4.0,4,NZL,POISSON,,0.25465800749549317,0.25465800749549317,0.06485070078157465,0.851045727657999,0.4565534509814958,0.5985146828332345,0.35821982556696735,2020,,,normal - no transformation,New Zealand,Oceania,0.0,0. No Excess Deaths
114,9.0,7,NLD,Bayesian_ARD,,2.200499808449422,2.200499808449422,4.842199406985942,0.6487845013345428,3.208944423161055,3.7628068318683394,14.15871525395505,2020,,,normal - no transformation,Netherlands,Europe,0.0,0. No Excess Deaths
112,241.0,148,NAM,Bayesian_ARD,,92.5549865639332,92.5549865639332,8566.425537849855,0.20182625339925697,36.80141188108111,43.35911182911547,1880.0125786097412,2020,,,normal - no transformation,Namibia,Africa,0.0,0. No Excess Deaths
108,0.0,0,MNE,Bayesian_ARD,,0.4071772234121127,0.4071772234121127,0.16579329126559755,0.42581021898751015,0.23695730547500163,0.28558428742030945,0.08155838522136591,2020,,,normal - no transformation,Montenegro,Europe,0.0,0. No Excess Deaths
106,1.0,1,FSM,Bayesian_ARD,,0.28534525760397855,0.28534525760397855,0.08142191603708088,0.8536103620048086,0.2673829181069526,0.32685556489092277,0.10683456030016421,2020,,,normal - no transformation,"Micronesia, Federated States of",Oceania,0.0,0. No Excess Deaths
103,749.0,696,MRT,Bayesian_ARD,,52.68305383266579,52.68305383266579,2775.504161135562,0.526852461781169,36.522109664851214,43.40793535125453,1884.2488514586926,2020,,,normal - no transformation,Mauritania,Africa,0.0,0. No Excess Deaths
102,-0.0,0,MLT,Bayesian_ARD,,0.31973332062752036,0.31973332062752036,0.10222939631950073,0.7352118918649422,0.21151080836459193,0.2546489098707896,0.06484606729838151,2020,,,normal - no transformation,Malta,Europe,0.0,0. No Excess Deaths
97,3875.0,3465,MDG,Bayesian_ridge,,409.86301575455354,409.86301575455354,167987.69168341742,0.03306261067458216,166.67624640854677,204.73862372666886,41917.90404549049,2020,,,normal - no transformation,Madagascar,Africa,0.0,0. No Excess Deaths
96,0.0,0,LUX,Bayesian_ARD,,0.12292861927404886,0.12292861927404886,0.015111445436624056,0.5644169901095721,0.25559251746247347,0.29815179324359775,0.08889449181437305,2020,,,normal - no transformation,Luxembourg,Europe,0.0,0. No Excess Deaths
94,90.0,88,LBY,Gamma,,2.40076465142738,2.40076465142738,5.7636709115432305,0.6317426643248156,7.003921281150299,8.383515995703512,70.28334045021664,2020,,,normal - no transformation,Libya,Africa,0.0,0. No Excess Deaths
118,85839.0,81747,NGA,Gamma,,4091.6614831076004,4091.6614831076004,16741693.692346288,0.9873527722664878,1136.5856994984897,1341.5024707557934,1799628.879043898,2020,,,normal - no transformation,Nigeria,Africa,0.0,0. No Excess Deaths
92,474.0,334,LSO,Gamma,,140.152483265123,140.152483265123,19642.718565380586,0.2979615684747253,64.91328186685159,81.97735461161498,6720.286669118474,2020,,,normal - no transformation,Lesotho,Africa,0.0,0. No Excess Deaths
88,89.0,81,KGZ,POISSON,,7.801821297080551,7.801821297080551,60.868415551579645,0.5152986783097651,7.470644842866227,8.70028247476082,75.69491514063027,2020,,,normal - no transformation,Kyrgyzstan,Asia,0.0,0. No Excess Deaths
87,4.0,4,KWT,POISSON,,0.1328226317760084,0.1328226317760084,0.017641851511905116,0.18056912070041709,0.8999870207707,1.0985159957244166,1.2067373928624066,2020,,,normal - no transformation,Kuwait,Asia,0.0,0. No Excess Deaths
86,3.0,3,KIR,POISSON,,0.10502458286822502,0.10502458286822502,0.011030163006644665,0.6296886188971211,0.5237124217788376,0.6230142746332651,0.38814678639681344,2020,,,normal - no transformation,Kiribati,Oceania,0.0,0. No Excess Deaths
81,40.0,33,JAM,Bayesian_ARD,,6.7382548509090725,6.7382548509090725,45.40407843579965,0.08254558599846595,5.1088611881096675,5.7849581894133735,33.46574125326085,2020,,,normal - no transformation,Jamaica,North America,0.0,0. No Excess Deaths
78,4.0,3,IRL,Bayesian_ARD,,0.7741646004097191,0.7741646004097191,0.59933082852754,0.39702343810207164,0.5971110323965604,0.7209649142949018,0.5197904076442551,2020,,,normal - no transformation,Ireland,Europe,0.0,0. No Excess Deaths
77,1025.0,897,IRQ,Bayesian_ARD,,128.40953305510266,128.40953305510266,16489.0081794295,0.36444316595305204,149.080029647295,174.82783164042277,30564.77071609201,2020,,,normal - no transformation,Iraq,Asia,0.0,0. No Excess Deaths
73,0.0,0,ISL,,,0.0,0.0,0.0,inf,inf,inf,inf,2020,,,normal - no transformation,Iceland,Europe,0.0,0. No Excess Deaths
67,2710.0,2557,GIN,Bayesian_ARD,,152.6622667093543,152.6622667093543,23305.767676838026,0.7188218613216821,117.62968054665606,145.75236870378734,21243.75298276477,2020,,,normal - no transformation,Guinea,Africa,0.0,0. No Excess Deaths
65,0.0,0,GRD,Bayesian_ridge,,0.24785240118028184,0.24785240118028184,0.06143081277083138,0.5836545138908045,0.2864287972227044,0.3224924852779456,0.10400140306074597,2020,,,normal - no transformation,Grenada,North America,0.0,0. No Excess Deaths
60,468.0,399,GMB,Bayesian_ARD,,68.63976514033493,68.63976514033493,4711.417358520338,0.05715895228633994,21.83084372230483,26.27241314015872,690.2396922071846,2020,,,normal - no transformation,Gambia,Africa,0.0,0. No Excess Deaths
183,1022.0,891,ZMB,Bayesian_ARD,,130.75820927406312,130.75820927406312,17097.709292559688,0.7479506838904773,185.73748810528195,220.12238654618108,48453.86505878636,2020,,,normal - no transformation,Zambia,Africa,0.0,0. No Excess Deaths
119,1.0,1,NOR,Bayesian_ARD,,0.33094617824016836,0.33094617824016836,0.10952537289177329,0.7661334145008087,0.36853326154464167,0.45950856052260397,0.21114811719355558,2020,,,normal - no transformation,Norway,Europe,0.0,0. No Excess Deaths
120,37.0,30,PSE,Bayesian_ARD,,6.947137768326684,6.947137768326684,48.26272317211106,0.8807566403644386,5.252054647938323,6.235113860452542,38.87664485280741,2020,,,normal - no transformation,"Palestine, State of",Asia,0.0,0. No Excess Deaths
122,12480.0,9809,PAK,Bayesian_ARD,,2670.6585241633,2670.6585241633,7132416.952686097,0.5028492099322837,2545.1970402666934,2971.90835270714,8832239.256890465,2020,,,normal - no transformation,Pakistan,Asia,0.0,0. No Excess Deaths
179,8.0,8,VUT,Bayesian_ridge,,0.20766346854890116,0.20766346854890116,0.04312411616976046,0.25480493961004846,0.4212244897959185,0.5591759688279181,0.3126777641146408,2020,,,normal - no transformation,Vanuatu,Oceania,0.0,0. No Excess Deaths
175,72.0,67,GBR,Bayesian_ARD,,5.176488718303631,5.176488718303631,26.796035450724766,0.0005334544429550503,4.889711874669789,5.679530689518125,32.257068853178225,2020,,,normal - no transformation,United Kingdom,Europe,0.0,0. No Excess Deaths
174,9.0,9,ARE,POISSON,,0.19266121393387436,0.19266121393387436,0.03711834335447411,0.10507393653646369,1.1918337371637011,1.3279880492457652,1.7635522589395727,2020,,,normal - no transformation,United Arab Emirates,Asia,0.0,0. No Excess Deaths
172,4769.0,4700,UGA,Bayesian_ARD,,68.89741357821913,68.89741357821913,4746.853597768174,0.6437092401646247,191.58523184122626,225.39569055510862,50803.217320814285,2020,,,normal - no transformation,Uganda,Africa,0.0,0. No Excess Deaths
167,3.0,3,TON,POISSON,,0.08473904403569854,0.08473904403569854,0.007180705584084056,0.1667998265496462,0.123234609785556,0.2118744554100007,0.04489078485528437,2020,,,normal - no transformation,Tonga,Oceania,0.0,0. No Excess Deaths
166,1230.0,1089,TGO,Gamma,,140.6184531874751,140.6184531874751,19773.549376838124,0.6274546016869744,66.47908553447586,77.08658237055258,5942.341181571988,2020,,,normal - no transformation,Togo,Africa,0.0,0. No Excess Deaths
162,7335.0,5390,TZA,Bayesian_ARD,,1945.3100294035394,1945.3100294035394,3784231.110497999,0.4012644455386052,1195.2225406159855,1352.817031239824,1830113.920012531,2020,,,normal - no transformation,"Tanzania, United Republic of",Africa,0.0,0. No Excess Deaths
157,164.0,69,SWZ,Bayesian_ARD,,94.96895717388588,94.96895717388588,9019.10282669537,6.069451037316043e-07,42.144026526179566,50.81476629482672,2582.140473597857,2020,,,normal - no transformation,Eswatini,Africa,0.0,0. No Excess Deaths
154,1.0,1,VCT,POISSON,,0.31434065852255344,0.31434065852255344,0.09881004960039255,0.7419584398161023,0.20478390375424044,0.25138387273969587,0.0631938514736076,2020,,,normal - no transformation,Saint Vincent and the Grenadines,North America,0.0,0. No Excess Deaths
153,92.0,89,LKA,Bayesian_ridge,,3.297195603045111,3.297195603045111,10.871498844740014,0.9016446142926339,10.882663485167567,13.8667337383396,192.2863045700057,2020,,,normal - no transformation,Sri Lanka,Asia,0.0,0. No Excess Deaths
152,15.0,12,ESP,Bayesian_ARD,,2.8131546984682245,2.8131546984682245,7.913839357513847,0.7832492904277532,1.2367562370359793,1.6964950764473006,2.8780955444099323,2020,,,normal - no transformation,Spain,Europe,0.0,0. No Excess Deaths
150,1913.0,1516,ZAF,Bayesian_ARD,,396.96395826114826,396.96395826114826,157580.38415835865,5.7727176561162e-07,290.13830120478946,343.566778142989,118038.1310435538,2020,,,normal - no transformation,South Africa,Africa,0.0,0. No Excess Deaths
149,5403.0,4519,SOM,Bayesian_ridge,,883.7132837738318,883.7132837738318,780949.167918329,0.42579131365218237,428.9352858066875,531.2817845862018,282260.3346330993,2020,,,normal - no transformation,Somalia,Africa,0.0,0. No Excess Deaths
148,29.0,26,SLB,Bayesian_ARD,,2.6255501290014536,2.6255501290014536,6.89351347989955,0.8898751451879386,0.8154778809182549,0.9842454627700797,0.9687391309834885,2020,,,normal - no transformation,Solomon Islands,Oceania,0.0,0. No Excess Deaths
145,3.0,3,SGP,Bayesian_ARD,,0.11682553217275427,0.11682553217275427,0.013648204967447243,0.786740442326828,0.7153761605545145,0.8925431383446233,0.7966332538060694,2020,,,normal - no transformation,Singapore,Asia,0.0,0. No Excess Deaths
144,1659.0,1165,SLE,Bayesian_ARD,,494.30596267689543,494.30596267689543,244338.38473793233,0.5081654985179087,504.74411711710644,568.2566414674748,322915.6105718941,2020,,,normal - no transformation,Sierra Leone,Africa,0.0,0. No Excess Deaths
143,-0.0,0,SYC,Bayesian_ARD,,0.3431691051674193,0.3431691051674193,0.11776503474140727,0.6763371576403153,0.22855063108407755,0.2700429965632804,0.07292321999287588,2020,,,normal - no transformation,Seychelles,Africa,0.0,0. No Excess Deaths
142,7.0,7,SRB,POISSON,,0.0913356618943908,0.0913356618943908,0.008342203133686471,0.9130923333304559,0.6284105766007269,0.9034896575985639,0.8162935613875704,2020,,,normal - no transformation,Serbia,Europe,0.0,0. No Excess Deaths
141,1820.0,1417,SEN,Bayesian_ARD,,402.8806663303658,402.8806663303658,162312.83130279952,0.17272668184907558,224.83009222533988,254.8399103205062,64943.37989216363,2020,,,normal - no transformation,Senegal,Africa,0.0,0. No Excess Deaths
139,10.0,9,STP,Bayesian_ARD,,1.1845416932486579,1.1845416932486579,1.4031390230443974,0.048169181147788676,0.6181270620756176,0.8564417575520038,0.7334924840787652,2020,,,normal - no transformation,Sao Tome and Principe,Africa,0.0,0. No Excess Deaths
137,1.0,1,LCA,Bayesian_ARD,,0.33623484002910686,0.33623484002910686,0.11305386764939908,0.32534267288989593,0.38932826318034625,0.47169824334794414,0.2224992327775363,2020,,,normal - no transformation,Saint Lucia,North America,0.0,0. No Excess Deaths
131,2.0,2,QAT,Bayesian_ARD,,0.020867280014208234,0.020867280014208234,0.00043544337519137437,0.3590106796260286,0.32912311937843675,0.40014561842718926,0.16011651594647774,2020,,,normal - no transformation,Qatar,Asia,0.0,0. No Excess Deaths
124,611.0,485,PNG,Bayesian_ARD,,125.61345286957021,125.61345286957021,15778.739541815736,0.21380108238480944,62.171240664733396,72.58179373302532,5268.116781503433,2020,,,normal - no transformation,Papua New Guinea,Oceania,0.0,0. No Excess Deaths
57,4.0,4,FIN,,,0.0,0.0,0.0,inf,inf,inf,inf,2020,,,normal - no transformation,Finland,Europe,0.0,0. No Excess Deaths
55,15204.0,10246,ETH,Bayesian_ridge,,4958.206020185724,4958.206020185724,24583806.938605957,0.6733335238351025,2978.0165176476185,3486.35227033214,12154652.152850067,2020,,,normal - no transformation,Ethiopia,Africa,0.0,0. No Excess Deaths
184,2563.0,1734,ZWE,Bayesian_ARD,,829.4502571071353,829.4502571071353,687987.7290150928,0.4180673603097066,384.6412437224465,460.6098274776982,212161.4131690349,2020,,,normal - no transformation,Zimbabwe,Africa,0.0,0. No Excess Deaths
13,1.0,1,BRB,Bayesian_ARD,,0.4071772234121127,0.4071772234121127,0.16579329126559755,0.42581021898751015,0.23695730547500163,0.28558428742030945,0.08155838522136591,2020,,,normal - no transformation,Barbados,North America,0.0,0. No Excess Deaths
10,5.0,4,BHS,Bayesian_ARD,,0.5918016605151237,0.5918016605151237,0.35022920538845775,0.354428377495562,0.35197481403366715,0.4270141051883708,0.18234104602982498,2020,,,normal - no transformation,Bahamas,North America,0.0,0. No Excess Deaths
11,3.0,3,BHR,POISSON,,0.3083788074370375,0.3083788074370375,0.09509748887628945,0.8078764984370154,0.27386573848001994,0.34660640760619293,0.12013600179367036,2020,,,normal - no transformation,Bahrain,Asia,0.0,0. No Excess Deaths
44,459.0,368,PRK,Bayesian_ARD,,91.00950600587566,91.00950600587566,8282.73018343352,0.00012087397874849248,121.00888804109613,151.8094701001654,23046.115212093013,2020,,,normal - no transformation,"Korea, Democratic People's Republic of",Asia,0.0,0. No Excess Deaths
29,4246.0,4119,CMR,Bayesian_ARD,,127.34434368961956,127.34434368961956,16216.58186973995,0.4585469050688872,202.88148900073472,240.74314377386457,57957.26127412362,2020,,,normal - no transformation,Cameroon,Africa,0.0,0. No Excess Deaths
15,6.0,5,BEL,Bayesian_ARD,,0.9423086566273469,0.9423086566273469,0.887945604354835,0.8345465800422347,0.5047183741087468,0.6247679625941411,0.39033500708403407,2020,,,normal - no transformation,Belgium,Europe,0.0,0. No Excess Deaths
40,2.0,2,HRV,Bayesian_ARD,,0.4828609562583779,0.4828609562583779,0.23315470307875513,0.9200763646275312,0.39040336178512525,0.5111126207070339,0.2612361110460123,2020,,,normal - no transformation,Croatia,Europe,0.0,0. No Excess Deaths
8,4.0,4,AUT,POISSON,,0.49609320450190353,0.49609320450190353,0.24610846755296747,0.7051310138536061,0.8119646052453776,0.8880112145897784,0.7885639172372134,2020,,,normal - no transformation,Austria,Europe,0.0,0. No Excess Deaths
39,5035.0,4401,CIV,Bayesian_ARD,,634.2868233503541,634.2868233503541,402319.7742758833,0.759265870096497,277.51579413378744,330.8314226610047,109449.43021990433,2020,,,normal - no transformation,CÃ´te d'Ivoire,Africa,0.0,0. No Excess Deaths
37,701.0,503,COG,Bayesian_ARD,,198.07784505771087,198.07784505771087,39234.83270270652,9.768529841858165e-05,85.69518390766929,110.87937432763258,12294.235651287265,2020,,,normal - no transformation,Congo,Africa,0.0,0. No Excess Deaths
36,52.0,52,COM,POISSON,,0.26710529710817354,0.26710529710817354,0.07134523974324566,0.9720196764957938,2.332463178228993,2.972691412864959,8.836894236121065,2020,,,normal - no transformation,Comoros,Africa,0.0,0. No Excess Deaths
23,3.0,3,BRN,POISSON,,0.31990262698774075,0.31990262698774075,0.10233769075365759,0.6049940344394491,0.23793652195607307,0.2746892804029694,0.07545420076830116,2020,,,normal - no transformation,Brunei Darussalam,Asia,0.0,0. No Excess Deaths
32,8238.0,7764,TCD,Bayesian_ARD,,474.03380391796236,474.03380391796236,224708.04725693318,0.9581443515865323,204.94804250600865,277.6484601347408,77088.66741519274,2020,,,normal - no transformation,Chad,Africa,0.0,0. No Excess Deaths
31,2216.0,1888,CAF,Bayesian_ARD,,327.84979903102794,327.84979903102794,107485.49072468541,0.5318885605337955,204.78042347518723,226.50706763481858,51305.451688524285,2020,,,normal - no transformation,Central African Republic,Africa,0.0,0. No Excess Deaths
25,2093.0,2049,BFA,Bayesian_ARD,,43.520628643833334,43.520628643833334,1894.0451175544465,0.9586446404036975,58.690853880309234,74.6811041435784,5577.267316104002,2020,,,normal - no transformation,Burkina Faso,Africa,0.0,0. No Excess Deaths
17,2510.0,2451,BEN,Gamma,,59.2874864358746,59.2874864358746,3515.0060478840146,0.8467947618873249,160.1954101247687,181.40487245366808,32907.72774993158,2020,,,normal - no transformation,Benin,Africa,0.0,0. No Excess Deaths
46,3.0,3,DNK,Bayesian_ARD,,0.41463345413467323,0.41463345413467323,0.17192090128765017,0.8443460533909031,0.4753720318845678,0.6194631769191397,0.3837346275587533,2020,,,normal - no transformation,Denmark,Europe,0.0,0. No Excess Deaths
30,47.0,41,CAN,Bayesian_ridge,,6.146379581209658,6.146379581209658,37.77798195631101,0.8061067848993297,2.52319945625464,3.2631973726934165,10.648457093153217,2020,,,normal - no transformation,Canada,North America,0.0,0. No Excess Deaths
7,14.0,9,AUS,POISSON,,4.8328338384354765,4.8328338384354765,23.356282909926982,0.4856763932869378,1.9398175403556042,2.3714028205684077,5.6235513373998005,2020,,,normal - no transformation,Australia,Oceania,0.0,0. No Excess Deaths
3,3047.0,2914,AGO,Bayesian_ARD,,132.98048657542677,132.98048657542677,17683.809809837257,0.7204965421567093,656.080774102212,789.6289827088777,623513.9303338571,2020,,,normal - no transformation,Angola,Africa,0.0,0. No Excess Deaths
4,-0.0,0,ATG,Bayesian_ARD,,0.31434065852255344,0.31434065852255344,0.09881004960039255,0.7254332819515388,0.21369806381235198,0.25930836644780136,0.06724082890982723,2020,,,normal - no transformation,Antigua and Barbuda,North America,0.0,0. No Excess Deaths
158,4.0,5,SWE,POISSON,,0.663441755230167,0.663441755230167,0.44015496258288483,0.5981609640628152,0.7033985105330735,0.8291892373187046,0.6875547912851752,2020,,,normal - no transformation,Sweden,Europe,1.0,1. 0 to <100
56,6.0,7,FJI,POISSON,,0.6330740086488618,0.6330740086488618,0.4007827004267391,0.9513387549154363,0.37821153729127893,0.5046061960130269,0.25462741305473735,2020,,,normal - no transformation,Fiji,Oceania,1.0,1. 0 to <100
163,-0.0,1,MKD,POISSON,,1.1338067553821816,1.1338067553821816,1.2855177585502702,0.9638648373294666,0.2964255534034537,0.3694024546219538,0.13645817348072464,2020,,,normal - no transformation,North Macedonia,Europe,1.0,1. 0 to <100
138,3.0,4,WSM,POISSON,,1.2217912181939994,1.2217912181939994,1.4927737808559771,0.8482007132495927,0.36502706841636096,0.4486005829312466,0.20124248300625425,2020,,,normal - no transformation,Samoa,Oceania,1.0,1. 0 to <100
159,5.0,6,CHE,POISSON,,0.6378461319096687,0.6378461319096687,0.40684768799212645,0.5916104364209882,0.6261826783886781,0.7711994270389929,0.5947485562652709,2020,,,normal - no transformation,Switzerland,Europe,1.0,1. 0 to <100
147,0.0,1,SVN,POISSON,,0.6517579189591345,0.6517579189591345,0.42478838492594173,0.9102902805317462,0.24800475461206106,0.3078356001636235,0.09476275672809827,2020,,,normal - no transformation,Slovenia,Europe,1.0,1. 0 to <100
146,2.0,3,SVK,POISSON,,1.4965475256104241,1.4965475256104241,2.239654496410683,0.9325042975268284,0.42987510835586784,0.5587381192366915,0.3121882858881552,2020,,,normal - no transformation,Slovakia,Europe,1.0,1. 0 to <100
64,4.0,6,GRC,POISSON,,2.480044256249471,2.480044256249471,6.150619512955991,0.45434793989920164,0.8076379181497959,0.9731313982104883,0.9469847181830999,2020,,,normal - no transformation,Greece,Europe,2.0,1. 0 to <100
90,1.0,3,LVA,POISSON,,2.3077235522968067,2.3077235522968067,5.325587993825392,0.9404283697258176,1.040107641150723,1.2912493287686169,1.6673248290454035,2020,,,normal - no transformation,Latvia,Europe,2.0,1. 0 to <100
54,-2.0,1,EST,POISSON,,2.6209487495605117,2.6209487495605117,6.86937234782281,0.9826756272485697,0.3561266201160102,0.4653771297673892,0.2165758729105334,2020,,,normal - no transformation,Estonia,Europe,3.0,1. 0 to <100
123,35.0,38,PAN,POISSON,,3.2136941300916533,3.2136941300916533,10.327829961785548,0.8895031473446573,1.838469984686815,2.3290251497107217,5.424358147985051,2020,,,normal - no transformation,Panama,North America,3.0,1. 0 to <100
177,4.0,7,URY,POISSON,,3.3881429332882362,3.3881429332882362,11.479512536391013,0.9818921302071905,0.6186234529423452,0.794324929266422,0.6309520932541063,2020,,,normal - no transformation,Uruguay,South America,3.0,1. 0 to <100
61,11.0,14,GEO,POISSON,,2.7543752234735166,2.7543752234735166,7.586582871684785,0.9360130262288149,1.9761294526975053,2.419007170888255,5.851595692808799,2020,,,normal - no transformation,Georgia,Asia,3.0,1. 0 to <100
43,0.0,4,CZE,POISSON,,3.8219839057514946,3.8219839057514946,14.60756097582345,0.9118873070962834,1.1964128507123692,1.564845566407564,2.4487416467054097,2020,,,normal - no transformation,Czechia,Europe,4.0,1. 0 to <100
38,10.0,14,CRI,Bayesian_ridge,,3.6433363858016037,3.6433363858016037,13.273900020105891,0.9821177680810982,1.0142994069412712,1.23910868335567,1.5353903291674218,2020,,,normal - no transformation,Costa Rica,North America,4.0,1. 0 to <100
95,-2.0,2,LTU,POISSON,,3.707995228319078,3.707995228319078,13.74922861323705,0.9707942763212324,0.7467611598138699,0.9811323317739455,0.9626206524521795,2020,,,normal - no transformation,Lithuania,Europe,4.0,1. 0 to <100
121,11.0,15,OMN,POISSON,,3.589316076432965,3.589316076432965,12.883189896540134,0.2686766781361847,1.7346907560904925,2.072391889795074,4.294808144888399,2020,,,normal - no transformation,Oman,Asia,4.0,1. 0 to <100
24,0.0,4,BGR,POISSON,,3.937583209176637,3.937583209176637,15.504561529189782,0.9725177564182828,1.1040787994522385,1.3356609644416453,1.7839902119331859,2020,,,normal - no transformation,Bulgaria,Europe,4.0,1. 0 to <100
42,5.0,9,CYP,Bayesian_ridge,,4.136301984081606,4.136301984081606,17.108994103517432,3.152921597660008e-05,1.053623095241985,1.2453800647616904,1.550971505705832,2020,,,normal - no transformation,Cyprus,Asia,4.0,1. 0 to <100
129,6.0,10,PRT,POISSON,,3.6173436544877404,3.6173436544877404,13.085175114662722,0.8641744727814923,1.2002558713723739,1.3547967021450125,1.8354741041430016,2020,,,normal - no transformation,Portugal,Europe,4.0,1. 0 to <100
168,0.0,5,TTO,POISSON,,4.582683364996228,4.582683364996228,21.000986823813154,0.9885789727452952,0.8066621393336231,0.9946607372223166,0.9893499821716424,2020,,,normal - no transformation,Trinidad and Tobago,North America,5.0,1. 0 to <100
16,4.0,9,BLZ,POISSON,,5.269723521579891,5.269723521579891,27.76998599389237,0.32946483628559653,0.8754167987862185,1.157100179264273,1.3388808248534128,2020,,,normal - no transformation,Belize,North America,5.0,1. 0 to <100
83,95.0,100,JOR,Bayesian_ridge,,5.370074635819037,5.370074635819037,28.837701594266964,0.3135679511779025,4.746468508511719,5.739318138975572,32.93977270037403,2020,,,normal - no transformation,Jordan,Asia,5.0,1. 0 to <100
47,51.0,56,DJI,Bayesian_ARD,,4.621040475586597,4.621040475586597,21.3540150770096,0.7608271434520116,14.127806848153133,16.444521987287484,270.4223033903815,2020,,,normal - no transformation,Djibouti,Africa,5.0,1. 0 to <100
80,13.0,19,ITA,POISSON,,5.644017484937649,5.644017484937649,31.854933370281906,0.985985689641993,2.528540478671015,2.9908531790447874,8.945202738602312,2020,,,normal - no transformation,Italy,Europe,6.0,1. 0 to <100
72,8.0,14,HUN,POISSON,,5.554717945987932,5.554717945987932,30.85489145948039,0.8078024823967513,2.5749820588428647,2.899664297016874,8.408053035394362,2020,,,normal - no transformation,Hungary,Europe,6.0,1. 0 to <100
156,5.0,11,SUR,Bayesian_ridge,,5.667888695948477,5.667888695948477,32.12496226966053,0.9717129917073184,2.011917802638488,2.3689765890625987,5.612050079526664,2020,,,normal - no transformation,Suriname,South America,6.0,1. 0 to <100
130,3.0,9,PRI,Bayesian_ARD,,5.7087186933364364,5.7087186933364364,32.58946911964887,0.9736788605692484,0.6390035779044151,0.8409586285166111,0.7072114148765394,2020,,,normal - no transformation,Puerto Rico,North America,6.0,1. 0 to <100
69,11.0,18,GUY,POISSON,,7.190572543319831,7.190572543319831,51.70433350074503,0.9896065932931714,1.2665817005684603,1.5872497553111375,2.5193617857352657,2020,,,normal - no transformation,Guyana,South America,7.0,1. 0 to <100
20,-5.0,2,BIH,POISSON,,7.0429372168432565,7.0429372168432565,49.60296464039583,0.9672196090696316,1.13696182825532,1.7465459519341282,3.0504227622174898,2020,,,normal - no transformation,Bosnia and Herzegovina,Europe,7.0,1. 0 to <100
100,-3.0,4,MDV,POISSON,,6.582798758694707,6.582798758694707,43.33323949747258,0.9504932705343938,1.6287814201428465,1.9165165283497094,3.6730356034376226,2020,,,normal - no transformation,Maldives,Asia,7.0,1. 0 to <100
6,2.0,10,ARM,POISSON,,7.647177219360401,7.647177219360401,58.47931942430468,0.9666349629754275,1.8570091469205172,2.283666421768436,5.215132325912651,2020,,,normal - no transformation,Armenia,Asia,8.0,1. 0 to <100
1,-6.0,2,ALB,POISSON,,8.314659227912216,8.314659227912216,69.13355807630577,0.990712600950167,0.8616106584292016,1.0775713012542205,1.161159909286714,2020,,,normal - no transformation,Albania,Europe,8.0,1. 0 to <100
104,2.0,11,MUS,POISSON,,9.355990009658854,9.355990009658854,87.53454906083627,0.958693848083676,1.219554876218646,1.3887438649563615,1.928609522453933,2020,,,normal - no transformation,Mauritius,Africa,9.0,1. 0 to <100
62,25.0,34,DEU,POISSON,,8.931828631018561,8.931828631018561,79.77756269388291,0.9289219484831921,3.2782518322665886,4.804418556611256,23.082437667110582,2020,,,normal - no transformation,Germany,Europe,9.0,1. 0 to <100
133,-5.0,5,MDA,POISSON,,10.428485235773223,10.428485235773223,108.7533043127401,0.9210335114777931,3.7526619973220274,5.401775739440597,29.179181139209014,2020,,,normal - no transformation,"Moldova, Republic of",Europe,10.0,1. 0 to <100
58,44.0,54,FRA,POISSON,,9.595261057686002,9.595261057686002,92.0690347651455,0.8948579551154515,6.818332689933107,8.060634934518358,64.97383554757778,2020,,,normal - no transformation,France,Europe,10.0,1. 0 to <100
79,-6.0,5,ISR,POISSON,,10.680031425165907,10.680031425165907,114.06307124253132,0.9440836780310644,2.649837662102553,3.234962024176816,10.464979297866162,2020,,,normal - no transformation,Israel,Asia,11.0,1. 0 to <100
27,-7.0,4,CPV,POISSON,,11.167082830205345,11.167082830205345,124.70373893666702,0.9853578128579175,1.5748983173000015,1.9692861274156146,3.8780878516315886,2020,,,normal - no transformation,Cabo Verde,Africa,11.0,1. 0 to <100
91,6.0,18,LBN,POISSON,,12.306588318541344,12.306588318541344,151.45211604205826,0.8658133639619383,4.949043585198323,6.285316451084356,39.505202890271654,2020,,,normal - no transformation,Lebanon,Asia,12.0,1. 0 to <100
41,28.0,42,CUB,POISSON,,14.37873953990038,14.37873953990038,206.7481507562946,0.9206770249178904,6.64528045154539,7.877370830904168,62.052971207579816,2020,,,normal - no transformation,Cuba,North America,14.0,1. 0 to <100
21,100.0,115,BWA,Bayesian_ARD,,14.599527255193522,14.599527255193522,213.14619607513848,2.4340885984575067e-07,12.765745802034715,17.014613495197985,289.4970723909734,2020,,,normal - no transformation,Botswana,Africa,15.0,1. 0 to <100
14,-15.0,1,BLR,POISSON,,16.488068161348565,16.488068161348565,271.85639169327624,0.9427297851730976,3.810396814217867,5.70933649703929,32.59652323642487,2020,,,normal - no transformation,Belarus,Europe,16.0,1. 0 to <100
160,105.0,121,SYR,POISSON,,15.741821641191564,15.741821641191564,247.80494858308705,0.8346428591892875,11.368524172522884,13.982447365004154,195.50883431511159,2020,,,normal - no transformation,Syrian Arab Republic,Asia,16.0,1. 0 to <100
9,36.0,54,AZE,Bayesian_ARD,,18.492219098141504,18.492219098141504,341.9621671736694,0.9390467731025177,4.953841091322465,6.057199265538483,36.68966294243994,2020,,,normal - no transformation,Azerbaijan,Asia,18.0,1. 0 to <100
99,89.0,108,MYS,Bayesian_ridge,,19.054014323124647,19.054014323124647,363.05546182583925,0.9336118592114766,11.167247620235191,13.570630170076093,184.1620032129795,2020,,,normal - no transformation,Malaysia,Asia,19.0,1. 0 to <100
82,17.0,36,JPN,POISSON,,19.350739567582423,19.350739567582423,374.45112181239995,0.9790335293406666,3.817146979889586,7.355053684740388,54.09681470541316,2020,,,normal - no transformation,Japan,Asia,19.0,1. 0 to <100
66,342.0,362,GTM,Bayesian_ARD,,19.914644628504902,19.914644628504902,396.59307067963914,0.9568313185210069,28.150125912197318,34.535807274714664,1192.7219841162341,2020,,,normal - no transformation,Guatemala,North America,20.0,1. 0 to <100
140,85.0,108,SAU,POISSON,,23.381987897904764,23.381987897904764,546.7173580577648,0.8494551116688128,7.373192350871095,9.769329868921337,95.4398060877986,2020,,,normal - no transformation,Saudi Arabia,Asia,23.0,1. 0 to <100
107,4.0,29,MNG,POISSON,,24.552752009782125,24.552752009782125,602.8376312538602,0.9589994347094121,7.378522001462145,9.218718285084908,84.98476681975882,2020,,,normal - no transformation,Mongolia,Asia,25.0,1. 0 to <100
171,-19.0,7,TKM,POISSON,,26.36410626527868,26.36410626527868,695.0660991669065,0.9635655861086246,4.822173063999158,7.13896873116541,50.96487454455747,2020,,,normal - no transformation,Turkmenistan,Asia,26.0,1. 0 to <100
128,-19.0,7,POL,POISSON,,25.95115023420476,25.95115023420476,673.4621984782658,0.972686366249536,3.8044422158643525,6.005808698451055,36.069738122390355,2020,,,normal - no transformation,Poland,Europe,26.0,1. 0 to <100
59,116.0,143,GAB,POISSON,,26.61604003107027,26.61604003107027,708.4135869355351,0.2439997506223709,13.635718610595962,15.635421710633754,244.46641206935732,2020,,,normal - no transformation,Gabon,Africa,27.0,1. 0 to <100
161,17.0,44,TJK,Bayesian_ARD,,27.35353726237554,27.35353726237554,748.2160007641671,0.9137702688776994,15.893089923353806,19.69072804267677,387.72477085065736,2020,,,normal - no transformation,Tajikistan,Asia,27.0,1. 0 to <100
169,42.0,74,TUN,POISSON,,31.731123646446576,31.731123646446576,1006.8642078660811,0.8902608204813193,14.97658861029424,19.358319060824627,374.74451686068613,2020,,,normal - no transformation,Tunisia,Africa,32.0,1. 0 to <100
18,-27.0,6,BTN,POISSON,,32.951451251774415,32.951451251774415,1085.7981395980657,0.9820806331883204,3.806114357424053,6.694484070874518,44.81611697519266,2020,,,normal - no transformation,Bhutan,Asia,33.0,1. 0 to <100
5,253.0,286,ARG,Bayesian_ARD,,33.11890009925992,33.11890009925992,1096.8615437847586,0.9483803452389388,21.827922458431775,29.170925376659927,850.9428873306621,2020,,,normal - no transformation,Argentina,South America,33.0,1. 0 to <100
33,1.0,34,CHL,POISSON,,33.30934812896521,33.30934812896521,1109.5126727765983,0.9849989554465156,5.314509393276869,6.930321244036459,48.02935254554305,2020,,,normal - no transformation,Chile,South America,33.0,1. 0 to <100
125,60.0,99,PRY,Bayesian_ARD,,39.10272725035429,39.10272725035429,1529.0232784156,0.9643720756555301,13.141170480384607,15.326324216327434,234.89621398398475,2020,,,normal - no transformation,Paraguay,South America,39.0,1. 0 to <100
116,67.0,110,NIC,POISSON,,42.86138358064272,42.86138358064272,1837.0982024469897,0.976730489766303,11.097012156645288,14.101113542405097,198.8414031358004,2020,,,normal - no transformation,Nicaragua,North America,43.0,1. 0 to <100
165,23.0,67,TLS,Bayesian_ARD,,43.53007186669129,43.53007186669129,1894.8671567193082,0.9698781001746701,17.17871130587872,23.39824876528399,547.4780452821138,2020,,,normal - no transformation,Timor-Leste,,44.0,1. 0 to <100
68,417.0,464,GNB,Bayesian_ARD,,47.18492406878431,47.18492406878431,2226.417059376941,0.822869130968144,34.686575767498084,44.16488185017316,1950.5367888397545,2020,,,normal - no transformation,Guinea-Bissau,Africa,47.0,1. 0 to <100
89,152.0,207,LAO,Bayesian_ARD,,55.34194812003989,55.34194812003989,3062.7312217211866,0.9814245726249404,46.90345907628112,56.058800153593694,3142.589074660556,2020,,,normal - no transformation,Lao People's Democratic Republic,Asia,55.0,1. 0 to <100
132,-32.0,24,KOR,POISSON,,56.076755926658734,56.076755926658734,3144.6025552580554,0.984575733948757,7.1791623830773705,10.280571153641713,105.69014324509008,2020,,,normal - no transformation,"Korea, Republic of",Asia,56.0,1. 0 to <100
48,165.0,222,DOM,POISSON,,56.80069312073647,56.80069312073647,3226.318738996079,0.5281468107675853,31.947668981408892,38.47677110431566,1480.4619146139007,2020,,,normal - no transformation,Dominican Republic,North America,57.0,1. 0 to <100
117,4838.0,4896,NER,Bayesian_ARD,,58.086766500586236,58.086766500586236,3374.0724424936275,9.920617359271411e-06,329.7339376775845,386.5196970885794,149397.47623744715,2020,,,normal - no transformation,Niger,Africa,58.0,1. 0 to <100
52,45.0,106,GNQ,POISSON,,60.6815216159921,60.6815216159921,3682.247065632116,0.8324412738375245,23.05900583065719,26.375280282383788,695.655409974303,2020,,,normal - no transformation,Equatorial Guinea,Africa,61.0,1. 0 to <100
71,87.0,155,HND,POISSON,,67.6708493562437,67.6708493562437,4579.34385259543,0.9229411124556268,17.120250065310472,20.82306367592974,433.5999808518245,2020,,,normal - no transformation,Honduras,North America,68.0,1. 0 to <100
170,149.0,219,TUR,POISSON,,69.57725849602866,69.57725849602866,4840.994899823193,0.9837346338485882,17.39411349286924,21.048990390833698,443.0599964734094,2020,,,normal - no transformation,Turkey,Asia,70.0,1. 0 to <100
49,124.0,197,ECU,POISSON,,73.41370434545752,73.41370434545752,5389.571985722248,0.967118577675952,17.2490523203083,27.33525617724943,747.2162302758531,2020,,,normal - no transformation,Ecuador,South America,73.0,1. 0 to <100
51,-38.0,44,SLV,POISSON,,81.65592692240898,81.65592692240898,6667.690401557796,0.9664927968136563,16.409279861600343,18.8826304397762,356.5537323251627,2020,,,normal - no transformation,El Salvador,North America,82.0,1. 0 to <100
84,-30.0,57,KAZ,POISSON,,86.73586031159721,86.73586031159721,7523.109463992903,0.9819648395799602,12.601411425134815,16.036372770740897,257.16525164216006,2020,,,normal - no transformation,Kazakhstan,Asia,87.0,1. 0 to <100
164,98.0,188,THA,POISSON,,89.57645885448437,89.57645885448437,8023.941980909131,0.9777198500911654,21.712241007358497,28.703610949380003,823.8972815333676,2020,,,normal - no transformation,Thailand,Asia,90.0,1. 0 to <100
110,1374.0,1466,MOZ,Bayesian_ARD,,91.78915586770745,91.78915586770745,8425.249134906293,0.9737498168261405,220.34602123670214,260.5910637710001,67907.70251730144,2020,,,normal - no transformation,Mozambique,Africa,92.0,1. 0 to <100
173,-38.0,56,UKR,POISSON,,94.46966900015468,94.46966900015468,8924.518360998787,0.9801535059862767,15.05518441282218,18.654016243810286,347.97232202433804,2020,,,normal - no transformation,Ukraine,Europe,94.0,1. 0 to <100
178,147.0,251,UZB,POISSON,,103.80803093165014,103.80803093165014,10776.107285906432,0.7460800875989506,44.963996539609724,55.33171996959403,3061.5992347935708,2020,,,normal - no transformation,Uzbekistan,Asia,104.0,2. 100 to <300
53,203.0,328,ERI,POISSON,,124.78023739321361,124.78023739321361,15570.107643906744,0.9497225154523041,51.02473782331621,68.31418730360573,4666.828186952126,2020,,,normal - no transformation,Eritrea,Africa,125.0,2. 100 to <300
85,7584.0,7716,KEN,Bayesian_ARD,,132.21583392619505,132.21583392619505,17481.02674079919,0.8461259330043998,188.35833785718881,234.1185639900989,54811.50200478603,2020,,,normal - no transformation,Kenya,Africa,132.0,2. 100 to <300
134,-124.0,20,ROU,POISSON,,144.44520223806467,144.44520223806467,20864.416449595403,0.9654837824397986,26.85331623419459,39.39975304159529,1552.340539738697,2020,,,normal - no transformation,Romania,Europe,144.0,2. 100 to <300
35,392.0,548,COL,POISSON,,156.26145961598377,156.26145961598377,24417.643761317726,0.9739843102242101,27.31141348158888,33.562396058231734,1126.434429169609,2020,,,normal - no transformation,Colombia,South America,156.0,2. 100 to <300
70,784.0,950,HTI,POISSON,,165.64029640199442,165.64029640199442,27436.707792140565,0.8184521567771599,111.80591562414335,129.49787968640982,16769.700843275874,2020,,,normal - no transformation,Haiti,North America,166.0,2. 100 to <300
93,881.0,1050,LBR,POISSON,,169.39221615307906,169.39221615307906,28693.72289325146,0.5288514089624355,141.08905376974954,166.2235111609863,27630.25566268654,2020,,,normal - no transformation,Liberia,Africa,169.0,2. 100 to <300
127,1765.0,1935,PHL,POISSON,,169.95738945671474,169.95738945671474,28885.514230941408,0.9463015022142758,138.34526318308454,174.9029457657924,30591.04043755172,2020,,,normal - no transformation,Philippines,Asia,170.0,2. 100 to <300
2,586.0,758,DZA,POISSON,,172.4696048869664,172.4696048869664,29745.764609866306,0.8856749174698545,108.73207928567328,132.3279208386479,17510.67863347947,2020,,,normal - no transformation,Algeria,Africa,172.0,2. 100 to <300
19,231.0,423,BOL,POISSON,,192.40603949339857,192.40603949339857,37020.08403353525,0.9775758423572914,38.54832510734597,46.90688536850745,2200.255894974299,2020,,,normal - no transformation,"Bolivia, Plurinational State of",South America,192.0,2. 100 to <300
111,1449.0,1658,MMR,POISSON,,209.21937791228993,209.21937791228993,43772.74809400559,0.9829503085596277,137.2209925741514,183.7307194831975,33756.977281813415,2020,,,normal - no transformation,Myanmar,Asia,209.0,2. 100 to <300
50,205.0,417,EGY,POISSON,,212.4373413163703,212.4373413163703,45129.62398556801,0.987794823912601,66.43564913245154,79.7997797722477,6368.004851699233,2020,,,normal - no transformation,Egypt,Africa,212.0,2. 100 to <300
26,1917.0,2151,BDI,POISSON,,234.26162927052064,234.26162927052064,54878.510948478855,0.6962412106498324,266.0237366462598,327.87034705119316,107498.96447546987,2020,,,normal - no transformation,Burundi,Africa,234.0,2. 100 to <300
28,421.0,711,KHM,Bayesian_ARD,,290.4504070027615,290.4504070027615,84361.43892806981,0.9164184857800166,178.6264535405299,209.7997526982166,44015.936232232845,2020,,,normal - no transformation,Cambodia,Asia,290.0,2. 100 to <300
136,736.0,1033,RWA,Bayesian_ARD,,296.932260883681,296.932260883681,88168.7675534944,0.3459300612059504,841.4198885919917,1764.2740111054075,3112662.7862619637,2020,,,normal - no transformation,Rwanda,Africa,297.0,2. 100 to <300
105,848.0,1159,MEX,POISSON,,310.723699234135,310.723699234135,96549.21726574517,0.8955170351585201,98.02247932940085,120.52593773648387,14526.501667258786,2020,,,normal - no transformation,Mexico,North America,311.0,3. 300 to <700
98,2117.0,2452,MWI,POISSON,,335.202311696572,335.202311696572,112360.58976672581,0.5810640573378693,408.15917241975745,484.03716720196024,234291.97923289842,2020,,,normal - no transformation,Malawi,Africa,335.0,3. 300 to <700
101,3571.0,3927,MLI,POISSON,,356.38925883376214,356.38925883376214,127013.3038120783,0.5135567829168541,261.00080294286016,320.315456380978,102601.9915965542,2020,,,normal - no transformation,Mali,Africa,356.0,3. 300 to <700
76,-87.0,274,IRN,POISSON,,360.94544586954,360.94544586954,130281.61489396101,0.9284186001345496,124.36630970346916,141.6626874410168,20068.317013011216,2020,,,normal - no transformation,"Iran, Islamic Republic of",Asia,361.0,3. 300 to <700
63,1994.0,2373,GHA,POISSON,,379.2709916513413,379.2709916513413,143846.48510819182,0.9835451765880318,90.28539625709577,105.8148778302826,11196.788370237631,2020,,,normal - no transformation,Ghana,Africa,379.0,3. 300 to <700
126,22.0,406,PER,POISSON,,384.4951815804816,384.4951815804816,147836.5446586075,0.8989813035531835,130.6638255571093,177.5007304258088,31506.50930169564,2020,,,normal - no transformation,Peru,South America,384.0,3. 300 to <700
180,815.0,1208,VEN,Gamma,,393.2265461462084,393.2265461462084,154627.1165940762,0.7075595939945771,49.06925313922811,67.7816137336709,4594.347160340563,2020,,,normal - no transformation,"Venezuela, Bolivarian Republic of",South America,393.0,3. 300 to <700
135,-268.0,197,RUS,POISSON,,464.5477038462559,464.5477038462559,215804.56914882868,0.979970287992727,61.31220744032502,92.83742667135878,8618.78779095992,2020,,,normal - no transformation,Russian Federation,Europe,465.0,3. 300 to <700
181,1269.0,1849,VNM,POISSON,,580.4445940806982,580.4445940806982,336915.92679750646,0.32444499228715007,341.9374587109739,384.1555127567903,147575.4579814325,2020,,,normal - no transformation,Viet Nam,Asia,580.0,3. 300 to <700
182,1229.0,1852,YEM,POISSON,,622.6343487919075,622.6343487919075,387673.5322955228,0.8272118565623929,174.28429600634058,210.66300501668385,44378.901682659365,2020,,,normal - no transformation,Yemen,Asia,623.0,3. 300 to <700
109,-222.0,472,MAR,POISSON,,694.1618380096916,694.1618380096916,481860.6573489933,0.9902844760984701,88.02256881580486,125.76830933750642,15817.667633614707,2020,,,normal - no transformation,Morocco,Africa,694.0,3. 300 to <700
75,6750.0,7826,IDN,POISSON,,1076.3261054235045,1076.3261054235045,1158477.8852161288,0.9595160823839344,683.439763024334,879.3286002864984,773218.7872818125,2020,,,normal - no transformation,Indonesia,Asia,1076.0,"5. Greater than 1,000"
113,-32.0,1052,NPL,POISSON,,1084.1061660608393,1084.1061660608393,1175286.1792911321,0.9881011360381404,168.66359197973765,248.52930138847975,61766.8136486458,2020,,,normal - no transformation,Nepal,Asia,1084.0,"5. Greater than 1,000"
155,2858.0,4112,SDN,POISSON,,1254.1295965226018,1254.1295965226018,1572841.044873944,0.8280083358875077,663.4367669552214,1062.320056774941,1128523.9030263138,2020,,,normal - no transformation,Sudan,Africa,1254.0,"5. Greater than 1,000"
151,2244.0,3790,SSD,Bayesian_ARD,,1545.6676531840349,1545.6676531840349,2389088.494099442,0.47486829110794904,2567.4427483102572,3397.943575321524,11546020.54106882,2020,,,normal - no transformation,South Sudan,Africa,1546.0,"5. Greater than 1,000"
22,-32.0,2011,BRA,POISSON,,2042.8958718535723,2042.8958718535723,4173423.5432363674,0.9466505808390862,463.54878760960315,552.0952315149451,304809.1446615408,2020,,,normal - no transformation,Brazil,South America,2043.0,"5. Greater than 1,000"
45,19362.0,21511,COD,Gamma,,2149.2764973588055,2149.2764973588055,4619389.462098936,0.6427478945998741,951.5669100578862,1132.6164302924585,1282819.9781684317,2020,,,normal - no transformation,"Congo, The Democratic Republic of the",Africa,2149.0,"5. Greater than 1,000"
12,82.0,3719,BGD,Bayesian_ridge,,3637.418993315194,3637.418993315194,13230816.932930117,0.9537731471691174,1831.7227520122792,2284.767253532498,5220161.402814436,2020,,,normal - no transformation,Bangladesh,Asia,3637.0,"5. Greater than 1,000"
34,-988.0,2822,CHN,POISSON,,3809.998070955975,3809.998070955975,14516085.30068825,0.9795355988220175,807.195195263842,1087.7857098395732,1183277.750531184,2020,,,normal - no transformation,China,Asia,3810.0,"5. Greater than 1,000"
74,11237.0,23753,IND,Bayesian_ARD,,12516.055262152106,12516.055262152106,156651639.3252454,0.9846515913522972,4909.046361147293,5687.757288796724,32350582.976260267,2020,,,normal - no transformation,India,Asia,12516.0,"5. Greater than 1,000"
